"","game_id","date_game","game_start_time","visitor_team_name","visitor_pts","home_team_name","home_pts","overtimes","attendance","game_remarks","home_team_wins"
"1","201910220TOR",2019-10-22,"8:00p","New Orleans Pelicans",122,"Toronto Raptors",130,"OT",20787,"",1
"2","201910220LAC",2019-10-22,"10:30p","Los Angeles Lakers",102,"Los Angeles Clippers",112,"",19068,"",1
"3","201910230CHO",2019-10-23,"7:00p","Chicago Bulls",125,"Charlotte Hornets",126,"",15424,"",1
"4","201910230IND",2019-10-23,"7:00p","Detroit Pistons",119,"Indiana Pacers",110,"",17923,"",0
"5","201910230ORL",2019-10-23,"7:00p","Cleveland Cavaliers",85,"Orlando Magic",94,"",18846,"",1
"6","201910230BRK",2019-10-23,"7:30p","Minnesota Timberwolves",127,"Brooklyn Nets",126,"OT",17732,"",0
"7","201910230MIA",2019-10-23,"7:30p","Memphis Grizzlies",101,"Miami Heat",120,"",19600,"",1
"8","201910230PHI",2019-10-23,"7:30p","Boston Celtics",93,"Philadelphia 76ers",107,"",20422,"",1
"9","201910230DAL",2019-10-23,"8:30p","Washington Wizards",100,"Dallas Mavericks",108,"",19816,"",1
"10","201910230SAS",2019-10-23,"8:30p","New York Knicks",111,"San Antonio Spurs",120,"",18354,"",1
"11","201910230UTA",2019-10-23,"9:00p","Oklahoma City Thunder",95,"Utah Jazz",100,"",18306,"",1
"12","201910230PHO",2019-10-23,"10:00p","Sacramento Kings",95,"Phoenix Suns",124,"",18055,"",1
"13","201910230POR",2019-10-23,"10:00p","Denver Nuggets",108,"Portland Trail Blazers",100,"",19991,"",0
"14","201910240DET",2019-10-24,"7:00p","Atlanta Hawks",117,"Detroit Pistons",100,"",20338,"",0
"15","201910240HOU",2019-10-24,"8:00p","Milwaukee Bucks",117,"Houston Rockets",111,"",18055,"",0
"16","201910240GSW",2019-10-24,"10:30p","Los Angeles Clippers",141,"Golden State Warriors",122,"",18064,"",0
"17","201910250BOS",2019-10-25,"7:00p","Toronto Raptors",106,"Boston Celtics",112,"",18624,"",1
"18","201910250CHO",2019-10-25,"7:00p","Minnesota Timberwolves",121,"Charlotte Hornets",99,"",14879,"",0
"19","201910250BRK",2019-10-25,"7:30p","New York Knicks",109,"Brooklyn Nets",113,"",17732,"",1
"20","201910250MEM",2019-10-25,"8:00p","Chicago Bulls",110,"Memphis Grizzlies",102,"",17794,"",0
"21","201910250NOP",2019-10-25,"8:00p","Dallas Mavericks",123,"New Orleans Pelicans",116,"",17027,"",0
"22","201910250OKC",2019-10-25,"8:00p","Washington Wizards",97,"Oklahoma City Thunder",85,"",18203,"",0
"23","201910250DEN",2019-10-25,"9:00p","Phoenix Suns",107,"Denver Nuggets",108,"OT",19557,"",1
"24","201910250SAC",2019-10-25,"10:00p","Portland Trail Blazers",122,"Sacramento Kings",112,"",17583,"",0
"25","201910250LAL",2019-10-25,"10:30p","Utah Jazz",86,"Los Angeles Lakers",95,"",18997,"",1
"26","201910260MIL",2019-10-26,"5:00p","Miami Heat",131,"Milwaukee Bucks",126,"OT",17467,"",0
"27","201910260DET",2019-10-26,"7:00p","Philadelphia 76ers",117,"Detroit Pistons",111,"",16207,"",0
"28","201910260ATL",2019-10-26,"7:30p","Orlando Magic",99,"Atlanta Hawks",103,"",17078,"",1
"29","201910260NYK",2019-10-26,"7:30p","Boston Celtics",118,"New York Knicks",95,"",19812,"",0
"30","201910260CHI",2019-10-26,"8:00p","Toronto Raptors",108,"Chicago Bulls",84,"",21498,"",0
"31","201910260CLE",2019-10-26,"8:00p","Indiana Pacers",99,"Cleveland Cavaliers",110,"",19432,"",1
"32","201910260HOU",2019-10-26,"8:00p","New Orleans Pelicans",123,"Houston Rockets",126,"",18055,"",1
"33","201910260SAS",2019-10-26,"8:30p","Washington Wizards",122,"San Antonio Spurs",124,"",18354,"",1
"34","201910260UTA",2019-10-26,"9:00p","Sacramento Kings",81,"Utah Jazz",113,"",18306,"",1
"35","201910260PHO",2019-10-26,"10:00p","Los Angeles Clippers",122,"Phoenix Suns",130,"",15802,"",1
"36","201910270OKC",2019-10-27,"3:30p","Golden State Warriors",92,"Oklahoma City Thunder",120,"",18203,"",1
"37","201910270MEM",2019-10-27,"6:00p","Brooklyn Nets",133,"Memphis Grizzlies",134,"OT",15517,"",1
"38","201910270DAL",2019-10-27,"7:00p","Portland Trail Blazers",121,"Dallas Mavericks",119,"",19707,"",0
"39","201910270MIN",2019-10-27,"7:00p","Miami Heat",109,"Minnesota Timberwolves",116,"",17049,"",1
"40","201910270LAL",2019-10-27,"9:30p","Charlotte Hornets",101,"Los Angeles Lakers",120,"",18997,"",1
"41","201910280NYK",2019-10-28,"7:00p","Chicago Bulls",98,"New York Knicks",105,"",19812,"",1
"42","201910280DET",2019-10-28,"7:00p","Indiana Pacers",94,"Detroit Pistons",96,"",13565,"",1
"43","201910280TOR",2019-10-28,"7:30p","Orlando Magic",95,"Toronto Raptors",104,"",19800,"",1
"44","201910280ATL",2019-10-28,"7:30p","Philadelphia 76ers",105,"Atlanta Hawks",103,"",14094,"",0
"45","201910280HOU",2019-10-28,"8:00p","Oklahoma City Thunder",112,"Houston Rockets",116,"",18055,"",1
"46","201910280MIL",2019-10-28,"8:00p","Cleveland Cavaliers",112,"Milwaukee Bucks",129,"",17385,"",1
"47","201910280NOP",2019-10-28,"8:00p","Golden State Warriors",134,"New Orleans Pelicans",123,"",17307,"",0
"48","201910280SAS",2019-10-28,"8:30p","Portland Trail Blazers",110,"San Antonio Spurs",113,"",18083,"",1
"49","201910280PHO",2019-10-28,"10:00p","Utah Jazz",96,"Phoenix Suns",95,"",14805,"",0
"50","201910280SAC",2019-10-28,"10:00p","Denver Nuggets",101,"Sacramento Kings",94,"",15870,"",0
"51","201910280LAC",2019-10-28,"10:30p","Charlotte Hornets",96,"Los Angeles Clippers",111,"",19068,"",1
"52","201910290MIA",2019-10-29,"7:30p","Atlanta Hawks",97,"Miami Heat",112,"",19600,"",1
"53","201910290DEN",2019-10-29,"9:00p","Dallas Mavericks",109,"Denver Nuggets",106,"",16605,"",0
"54","201910290LAL",2019-10-29,"10:30p","Memphis Grizzlies",91,"Los Angeles Lakers",120,"",18997,"",1
"55","201910300CLE",2019-10-30,"7:00p","Chicago Bulls",111,"Cleveland Cavaliers",117,"",17595,"",1
"56","201910300ORL",2019-10-30,"7:00p","New York Knicks",83,"Orlando Magic",95,"",17456,"",1
"57","201910300PHI",2019-10-30,"7:00p","Minnesota Timberwolves",95,"Philadelphia 76ers",117,"",20204,"",1
"58","201910300BOS",2019-10-30,"7:30p","Milwaukee Bucks",105,"Boston Celtics",116,"",18624,"",1
"59","201910300BRK",2019-10-30,"7:30p","Indiana Pacers",118,"Brooklyn Nets",108,"",17083,"",0
"60","201910300TOR",2019-10-30,"7:30p","Detroit Pistons",113,"Toronto Raptors",125,"",19800,"",1
"61","201910300OKC",2019-10-30,"8:00p","Portland Trail Blazers",102,"Oklahoma City Thunder",99,"",18203,"",0
"62","201910300WAS",2019-10-30,"8:00p","Houston Rockets",159,"Washington Wizards",158,"",20476,"",0
"63","201910300SAC",2019-10-30,"10:00p","Charlotte Hornets",118,"Sacramento Kings",111,"",15416,"",0
"64","201910300UTA",2019-10-30,"10:00p","Los Angeles Clippers",96,"Utah Jazz",110,"",18306,"",1
"65","201910300GSW",2019-10-30,"10:30p","Phoenix Suns",121,"Golden State Warriors",110,"",18064,"",0
"66","201910310ATL",2019-10-31,"7:00p","Miami Heat",106,"Atlanta Hawks",97,"",16539,"",0
"67","201910310NOP",2019-10-31,"9:30p","Denver Nuggets",107,"New Orleans Pelicans",122,"",16613,"",1
"68","201910310LAC",2019-10-31,"10:30p","San Antonio Spurs",97,"Los Angeles Clippers",103,"",19068,"",1
"69","201911010BRK",2019-11-01,"7:00p","Houston Rockets",116,"Brooklyn Nets",123,"",17732,"",1
"70","201911010IND",2019-11-01,"7:00p","Cleveland Cavaliers",95,"Indiana Pacers",102,"",16079,"",1
"71","201911010ORL",2019-11-01,"7:00p","Milwaukee Bucks",123,"Orlando Magic",91,"",15105,"",0
"72","201911010BOS",2019-11-01,"7:30p","New York Knicks",102,"Boston Celtics",104,"",18624,"",1
"73","201911010CHI",2019-11-01,"8:00p","Detroit Pistons",106,"Chicago Bulls",112,"",20671,"",1
"74","201911010DAL",2019-11-01,"9:30p","Los Angeles Lakers",119,"Dallas Mavericks",110,"OT",20358,"",0
"75","201911010SAC",2019-11-01,"10:00p","Utah Jazz",101,"Sacramento Kings",102,"",16273,"",1
"76","201911010GSW",2019-11-01,"10:30p","San Antonio Spurs",127,"Golden State Warriors",110,"",18064,"",0
"77","201911020OKC",2019-11-02,"5:00p","New Orleans Pelicans",104,"Oklahoma City Thunder",115,"",18203,"",1
"78","201911020DET",2019-11-02,"7:00p","Brooklyn Nets",109,"Detroit Pistons",113,"",17222,"",1
"79","201911020ORL",2019-11-02,"7:00p","Denver Nuggets",91,"Orlando Magic",87,"",17025,"",0
"80","201911020MEM",2019-11-02,"8:00p","Phoenix Suns",114,"Memphis Grizzlies",105,"",14144,"",0
"81","201911020MIL",2019-11-02,"8:00p","Toronto Raptors",105,"Milwaukee Bucks",115,"",17637,"",1
"82","201911020WAS",2019-11-02,"8:00p","Minnesota Timberwolves",131,"Washington Wizards",109,"",15150,"",0
"83","201911020GSW",2019-11-02,"8:30p","Charlotte Hornets",93,"Golden State Warriors",87,"",18064,"",0
"84","201911020POR",2019-11-02,"10:00p","Philadelphia 76ers",129,"Portland Trail Blazers",128,"",19669,"",0
"85","201911030IND",2019-11-03,"5:00p","Chicago Bulls",95,"Indiana Pacers",108,"",17073,"",1
"86","201911030MIA",2019-11-03,"6:00p","Houston Rockets",100,"Miami Heat",129,"",19724,"",1
"87","201911030NYK",2019-11-03,"6:00p","Sacramento Kings",113,"New York Knicks",92,"",19812,"",0
"88","201911030SAS",2019-11-03,"7:00p","Los Angeles Lakers",103,"San Antonio Spurs",96,"",18610,"",0
"89","201911030CLE",2019-11-03,"7:30p","Dallas Mavericks",131,"Cleveland Cavaliers",111,"",18078,"",0
"90","201911030LAC",2019-11-03,"9:00p","Utah Jazz",94,"Los Angeles Clippers",105,"",19068,"",1
"91","201911040WAS",2019-11-04,"7:00p","Detroit Pistons",99,"Washington Wizards",115,"",13052,"",1
"92","201911040BRK",2019-11-04,"7:30p","New Orleans Pelicans",125,"Brooklyn Nets",135,"",17194,"",1
"93","201911040MEM",2019-11-04,"8:00p","Houston Rockets",107,"Memphis Grizzlies",100,"",14197,"",0
"94","201911040MIN",2019-11-04,"8:00p","Milwaukee Bucks",134,"Minnesota Timberwolves",106,"",16271,"",0
"95","201911040PHO",2019-11-04,"9:00p","Philadelphia 76ers",109,"Phoenix Suns",114,"",14285,"",1
"96","201911040GSW",2019-11-04,"10:30p","Portland Trail Blazers",118,"Golden State Warriors",127,"",18064,"",1
"97","201911050CHO",2019-11-05,"7:00p","Indiana Pacers",120,"Charlotte Hornets",122,"OT",13341,"",1
"98","201911050CLE",2019-11-05,"7:00p","Boston Celtics",119,"Cleveland Cavaliers",113,"",17709,"",0
"99","201911050ATL",2019-11-05,"7:30p","San Antonio Spurs",100,"Atlanta Hawks",108,"",14025,"",1
"100","201911050CHI",2019-11-05,"8:00p","Los Angeles Lakers",118,"Chicago Bulls",112,"",21193,"",0
"101","201911050OKC",2019-11-05,"8:00p","Orlando Magic",94,"Oklahoma City Thunder",102,"",18203,"",1
"102","201911050DEN",2019-11-05,"9:00p","Miami Heat",89,"Denver Nuggets",109,"",18010,"",1
"103","201911060DET",2019-11-06,"7:00p","New York Knicks",102,"Detroit Pistons",122,"",15463,"",1
"104","201911060IND",2019-11-06,"7:00p","Washington Wizards",106,"Indiana Pacers",121,"",16171,"",1
"105","201911060ATL",2019-11-06,"7:30p","Chicago Bulls",113,"Atlanta Hawks",93,"",15049,"",0
"106","201911060HOU",2019-11-06,"7:30p","Golden State Warriors",112,"Houston Rockets",129,"",18055,"",1
"107","201911060TOR",2019-11-06,"7:30p","Sacramento Kings",120,"Toronto Raptors",124,"",19800,"",1
"108","201911060MEM",2019-11-06,"8:00p","Minnesota Timberwolves",121,"Memphis Grizzlies",137,"",13503,"",1
"109","201911060DAL",2019-11-06,"8:30p","Orlando Magic",106,"Dallas Mavericks",107,"",19487,"",1
"110","201911060UTA",2019-11-06,"9:00p","Philadelphia 76ers",104,"Utah Jazz",106,"",18306,"",1
"111","201911060LAC",2019-11-06,"10:00p","Milwaukee Bucks",129,"Los Angeles Clippers",124,"",19068,"",0
"112","201911070CHO",2019-11-07,"8:00p","Boston Celtics",108,"Charlotte Hornets",87,"",18487,"",0
"113","201911070SAS",2019-11-07,"8:30p","Oklahoma City Thunder",112,"San Antonio Spurs",121,"",18354,"",1
"114","201911070PHO",2019-11-07,"9:00p","Miami Heat",124,"Phoenix Suns",108,"",15498,"",0
"115","201911070LAC",2019-11-07,"10:30p","Portland Trail Blazers",101,"Los Angeles Clippers",107,"",19068,"",1
"116","201911080IND",2019-11-08,"7:00p","Detroit Pistons",106,"Indiana Pacers",112,"",15544,"",1
"117","201911080ORL",2019-11-08,"7:00p","Memphis Grizzlies",86,"Orlando Magic",118,"",17021,"",1
"118","201911080WAS",2019-11-08,"7:00p","Cleveland Cavaliers",113,"Washington Wizards",100,"",16946,"",0
"119","201911080ATL",2019-11-08,"7:30p","Sacramento Kings",121,"Atlanta Hawks",109,"",16447,"",0
"120","201911080MIN",2019-11-08,"8:00p","Golden State Warriors",119,"Minnesota Timberwolves",125,"OT",15647,"",1
"121","201911080NOP",2019-11-08,"8:00p","Toronto Raptors",122,"New Orleans Pelicans",104,"",16337,"",0
"122","201911080DAL",2019-11-08,"8:30p","New York Knicks",106,"Dallas Mavericks",102,"",20257,"",0
"123","201911080DEN",2019-11-08,"9:00p","Philadelphia 76ers",97,"Denver Nuggets",100,"",19520,"",1
"124","201911080UTA",2019-11-08,"9:00p","Milwaukee Bucks",100,"Utah Jazz",103,"",18306,"",1
"125","201911080POR",2019-11-08,"10:00p","Brooklyn Nets",119,"Portland Trail Blazers",115,"",20089,"",0
"126","201911080LAL",2019-11-08,"10:30p","Miami Heat",80,"Los Angeles Lakers",95,"",18997,"",1
"127","201911090SAS",2019-11-09,"5:00p","Boston Celtics",135,"San Antonio Spurs",115,"",18354,"",0
"128","201911090CHO",2019-11-09,"7:00p","New Orleans Pelicans",115,"Charlotte Hornets",110,"",18513,"",0
"129","201911090CHI",2019-11-09,"8:00p","Houston Rockets",117,"Chicago Bulls",94,"",20482,"",0
"130","201911090MEM",2019-11-09,"8:00p","Dallas Mavericks",138,"Memphis Grizzlies",122,"",15753,"",0
"131","201911090OKC",2019-11-09,"8:00p","Golden State Warriors",108,"Oklahoma City Thunder",114,"",18203,"",1
"132","201911100MIN",2019-11-10,"3:30p","Denver Nuggets",100,"Minnesota Timberwolves",98,"OT",13553,"",0
"133","201911100ORL",2019-11-10,"6:00p","Indiana Pacers",109,"Orlando Magic",102,"",17118,"",0
"134","201911100PHI",2019-11-10,"6:00p","Charlotte Hornets",106,"Philadelphia 76ers",114,"",20311,"",1
"135","201911100OKC",2019-11-10,"7:00p","Milwaukee Bucks",121,"Oklahoma City Thunder",119,"",18203,"",0
"136","201911100NYK",2019-11-10,"7:30p","Cleveland Cavaliers",108,"New York Knicks",87,"",19812,"",0
"137","201911100PHO",2019-11-10,"8:00p","Brooklyn Nets",112,"Phoenix Suns",138,"",17290,"",1
"138","201911100POR",2019-11-10,"9:00p","Atlanta Hawks",113,"Portland Trail Blazers",124,"OT",20041,"",1
"139","201911100LAL",2019-11-10,"9:30p","Toronto Raptors",113,"Los Angeles Lakers",104,"",18997,"",0
"140","201911110DET",2019-11-11,"7:00p","Minnesota Timberwolves",120,"Detroit Pistons",114,"",12526,"",0
"141","201911110BOS",2019-11-11,"7:30p","Dallas Mavericks",106,"Boston Celtics",116,"",18624,"",1
"142","201911110SAS",2019-11-11,"7:30p","Memphis Grizzlies",113,"San Antonio Spurs",109,"",18627,"",0
"143","201911110NOP",2019-11-11,"8:00p","Houston Rockets",122,"New Orleans Pelicans",116,"",16695,"",0
"144","201911110GSW",2019-11-11,"10:30p","Utah Jazz",122,"Golden State Warriors",108,"",18064,"",0
"145","201911110LAC",2019-11-11,"10:30p","Toronto Raptors",88,"Los Angeles Clippers",98,"",19068,"",1
"146","201911120IND",2019-11-12,"7:00p","Oklahoma City Thunder",85,"Indiana Pacers",111,"",15838,"",1
"147","201911120PHI",2019-11-12,"7:00p","Cleveland Cavaliers",97,"Philadelphia 76ers",98,"",20294,"",1
"148","201911120MIA",2019-11-12,"7:30p","Detroit Pistons",108,"Miami Heat",117,"",19600,"",1
"149","201911120CHI",2019-11-12,"8:00p","New York Knicks",102,"Chicago Bulls",120,"",18668,"",1
"150","201911120DEN",2019-11-12,"9:00p","Atlanta Hawks",125,"Denver Nuggets",121,"",18327,"",0
"151","201911120PHO",2019-11-12,"9:00p","Los Angeles Lakers",123,"Phoenix Suns",115,"",18055,"",0
"152","201911120UTA",2019-11-12,"9:00p","Brooklyn Nets",114,"Utah Jazz",119,"",18306,"",1
"153","201911120SAC",2019-11-12,"10:00p","Portland Trail Blazers",99,"Sacramento Kings",107,"",16358,"",1
"154","201911130CHO",2019-11-13,"7:00p","Memphis Grizzlies",119,"Charlotte Hornets",117,"",13155,"",0
"155","201911130ORL",2019-11-13,"7:00p","Philadelphia 76ers",97,"Orlando Magic",112,"",15113,"",1
"156","201911130BOS",2019-11-13,"7:30p","Washington Wizards",133,"Boston Celtics",140,"",19156,"",1
"157","201911130HOU",2019-11-13,"7:30p","Los Angeles Clippers",93,"Houston Rockets",102,"",18055,"",1
"158","201911130MIN",2019-11-13,"8:00p","San Antonio Spurs",114,"Minnesota Timberwolves",129,"",11581,"",1
"159","201911130LAL",2019-11-13,"10:00p","Golden State Warriors",94,"Los Angeles Lakers",120,"",18997,"",1
"160","201911130POR",2019-11-13,"10:00p","Toronto Raptors",114,"Portland Trail Blazers",106,"",19544,"",0
"161","201911140CLE",2019-11-14,"6:00p","Miami Heat",108,"Cleveland Cavaliers",97,"",17374,"",0
"162","201911140MIL",2019-11-14,"8:00p","Chicago Bulls",115,"Milwaukee Bucks",124,"",17627,"",1
"163","201911140NOP",2019-11-14,"8:00p","Los Angeles Clippers",127,"New Orleans Pelicans",132,"",17147,"",1
"164","201911140NYK",2019-11-14,"8:00p","Dallas Mavericks",103,"New York Knicks",106,"",19812,"",1
"165","201911140PHO",2019-11-14,"9:00p","Atlanta Hawks",112,"Phoenix Suns",128,"",15143,"",1
"166","201911140DEN",2019-11-14,"10:30p","Brooklyn Nets",93,"Denver Nuggets",101,"",18394,"",1
"167","201911150CHO",2019-11-15,"7:00p","Detroit Pistons",106,"Charlotte Hornets",109,"",16778,"",1
"168","201911150ORL",2019-11-15,"7:00p","San Antonio Spurs",109,"Orlando Magic",111,"",16296,"",1
"169","201911150HOU",2019-11-15,"8:00p","Indiana Pacers",102,"Houston Rockets",111,"",18055,"",1
"170","201911150MEM",2019-11-15,"8:00p","Utah Jazz",106,"Memphis Grizzlies",107,"",16422,"",1
"171","201911150MIN",2019-11-15,"8:00p","Washington Wizards",137,"Minnesota Timberwolves",116,"",12716,"",0
"172","201911150OKC",2019-11-15,"8:00p","Philadelphia 76ers",119,"Oklahoma City Thunder",127,"OT",18203,"",1
"173","201911150GSW",2019-11-15,"10:30p","Boston Celtics",105,"Golden State Warriors",100,"",18064,"",0
"174","201911150LAL",2019-11-15,"10:30p","Sacramento Kings",97,"Los Angeles Lakers",99,"",18997,"",1
"175","201911160CHI",2019-11-16,"6:00p","Brooklyn Nets",117,"Chicago Bulls",111,"",19148,"",0
"176","201911160IND",2019-11-16,"7:00p","Milwaukee Bucks",102,"Indiana Pacers",83,"",17024,"",0
"177","201911160NYK",2019-11-16,"7:30p","Charlotte Hornets",103,"New York Knicks",102,"",19401,"",0
"178","201911160MIA",2019-11-16,"8:00p","New Orleans Pelicans",94,"Miami Heat",109,"",19600,"",1
"179","201911160MIN",2019-11-16,"8:00p","Houston Rockets",125,"Minnesota Timberwolves",105,"",18978,"",0
"180","201911160DAL",2019-11-16,"8:30p","Toronto Raptors",102,"Dallas Mavericks",110,"",19926,"",1
"181","201911160SAS",2019-11-16,"8:30p","Portland Trail Blazers",121,"San Antonio Spurs",116,"",18534,"",0
"182","201911160LAC",2019-11-16,"10:30p","Atlanta Hawks",101,"Los Angeles Clippers",150,"",19068,"",1
"183","201911170CLE",2019-11-17,"3:00p","Philadelphia 76ers",114,"Cleveland Cavaliers",95,"",19432,"",0
"184","201911170SAC",2019-11-17,"3:30p","Boston Celtics",99,"Sacramento Kings",100,"",16633,"",1
"185","201911170MEM",2019-11-17,"6:00p","Denver Nuggets",131,"Memphis Grizzlies",114,"",14227,"",0
"186","201911170ORL",2019-11-17,"6:00p","Washington Wizards",121,"Orlando Magic",125,"",16344,"",1
"187","201911170NOP",2019-11-17,"7:00p","Golden State Warriors",100,"New Orleans Pelicans",108,"",16812,"",1
"188","201911170LAL",2019-11-17,"9:30p","Atlanta Hawks",101,"Los Angeles Lakers",122,"",18997,"",1
"189","201911180NYK",2019-11-18,"7:00p","Cleveland Cavaliers",105,"New York Knicks",123,"",17097,"",1
"190","201911180BRK",2019-11-18,"7:30p","Indiana Pacers",115,"Brooklyn Nets",86,"",14140,"",0
"191","201911180TOR",2019-11-18,"7:30p","Charlotte Hornets",96,"Toronto Raptors",132,"",19800,"",1
"192","201911180CHI",2019-11-18,"8:00p","Milwaukee Bucks",115,"Chicago Bulls",101,"",17565,"",0
"193","201911180HOU",2019-11-18,"8:00p","Portland Trail Blazers",108,"Houston Rockets",132,"",18055,"",1
"194","201911180DAL",2019-11-18,"8:30p","San Antonio Spurs",110,"Dallas Mavericks",117,"",19637,"",1
"195","201911180PHO",2019-11-18,"9:00p","Boston Celtics",99,"Phoenix Suns",85,"",15193,"",0
"196","201911180UTA",2019-11-18,"9:00p","Minnesota Timberwolves",112,"Utah Jazz",102,"",18306,"",0
"197","201911180LAC",2019-11-18,"10:30p","Oklahoma City Thunder",88,"Los Angeles Clippers",90,"",19068,"",1
"198","201911190MEM",2019-11-19,"8:00p","Golden State Warriors",114,"Memphis Grizzlies",95,"",14511,"",0
"199","201911190NOP",2019-11-19,"8:00p","Portland Trail Blazers",104,"New Orleans Pelicans",115,"",15021,"",1
"200","201911190SAC",2019-11-19,"10:00p","Phoenix Suns",116,"Sacramento Kings",120,"",16732,"",1
"201","201911190LAL",2019-11-19,"10:30p","Oklahoma City Thunder",107,"Los Angeles Lakers",112,"",18997,"",1
"202","201911200PHI",2019-11-20,"7:00p","New York Knicks",104,"Philadelphia 76ers",109,"",20384,"",1
"203","201911200WAS",2019-11-20,"7:00p","San Antonio Spurs",132,"Washington Wizards",138,"",14579,"",1
"204","201911200ATL",2019-11-20,"7:30p","Milwaukee Bucks",135,"Atlanta Hawks",127,"",16441,"",0
"205","201911200BRK",2019-11-20,"7:30p","Charlotte Hornets",91,"Brooklyn Nets",101,"",14011,"",1
"206","201911200DAL",2019-11-20,"7:30p","Golden State Warriors",94,"Dallas Mavericks",142,"",19569,"",1
"207","201911200MIA",2019-11-20,"7:30p","Cleveland Cavaliers",100,"Miami Heat",124,"",19600,"",1
"208","201911200TOR",2019-11-20,"7:30p","Orlando Magic",97,"Toronto Raptors",113,"",19800,"",1
"209","201911200CHI",2019-11-20,"8:00p","Detroit Pistons",89,"Chicago Bulls",109,"",18119,"",1
"210","201911200MIN",2019-11-20,"8:00p","Utah Jazz",103,"Minnesota Timberwolves",95,"",13177,"",0
"211","201911200DEN",2019-11-20,"9:00p","Houston Rockets",95,"Denver Nuggets",105,"",17778,"",1
"212","201911200LAC",2019-11-20,"10:00p","Boston Celtics",104,"Los Angeles Clippers",107,"OT",19068,"",1
"213","201911210MIL",2019-11-21,"8:00p","Portland Trail Blazers",129,"Milwaukee Bucks",137,"",17385,"",1
"214","201911210PHO",2019-11-21,"10:30p","New Orleans Pelicans",124,"Phoenix Suns",121,"",13903,"",0
"215","201911220DET",2019-11-22,"7:00p","Atlanta Hawks",103,"Detroit Pistons",128,"",15399,"",1
"216","201911220WAS",2019-11-22,"7:00p","Charlotte Hornets",118,"Washington Wizards",125,"",15053,"",1
"217","201911220BRK",2019-11-22,"7:30p","Sacramento Kings",97,"Brooklyn Nets",116,"",15619,"",1
"218","201911220CHI",2019-11-22,"8:00p","Miami Heat",116,"Chicago Bulls",108,"",18953,"",0
"219","201911220OKC",2019-11-22,"8:00p","Los Angeles Lakers",130,"Oklahoma City Thunder",127,"",18203,"",0
"220","201911220PHI",2019-11-22,"8:00p","San Antonio Spurs",104,"Philadelphia 76ers",115,"",20927,"",1
"221","201911220DAL",2019-11-22,"8:30p","Cleveland Cavaliers",101,"Dallas Mavericks",143,"",19639,"",1
"222","201911220DEN",2019-11-22,"9:00p","Boston Celtics",92,"Denver Nuggets",96,"",19520,"",1
"223","201911220UTA",2019-11-22,"9:00p","Golden State Warriors",109,"Utah Jazz",113,"",18306,"",1
"224","201911220LAC",2019-11-22,"10:30p","Houston Rockets",119,"Los Angeles Clippers",122,"",19068,"",1
"225","201911230MIN",2019-11-23,"5:00p","Phoenix Suns",100,"Minnesota Timberwolves",98,"",17362,"",0
"226","201911230CHO",2019-11-23,"7:00p","Chicago Bulls",116,"Charlotte Hornets",115,"",17891,"",0
"227","201911230IND",2019-11-23,"7:00p","Orlando Magic",106,"Indiana Pacers",111,"",16446,"",1
"228","201911230ATL",2019-11-23,"7:30p","Toronto Raptors",119,"Atlanta Hawks",116,"",16931,"",0
"229","201911230NYK",2019-11-23,"7:30p","San Antonio Spurs",111,"New York Knicks",104,"",19320,"",0
"230","201911230PHI",2019-11-23,"7:30p","Miami Heat",86,"Philadelphia 76ers",113,"",21017,"",1
"231","201911230CLE",2019-11-23,"8:00p","Portland Trail Blazers",104,"Cleveland Cavaliers",110,"",19432,"",1
"232","201911230MEM",2019-11-23,"8:00p","Los Angeles Lakers",109,"Memphis Grizzlies",108,"",17794,"",0
"233","201911230MIL",2019-11-23,"8:30p","Detroit Pistons",90,"Milwaukee Bucks",104,"",17585,"",1
"234","201911230UTA",2019-11-23,"9:00p","New Orleans Pelicans",120,"Utah Jazz",128,"",18306,"",1
"235","201911240HOU",2019-11-24,"3:30p","Dallas Mavericks",137,"Houston Rockets",123,"",18055,"",0
"236","201911240NYK",2019-11-24,"6:00p","Brooklyn Nets",103,"New York Knicks",101,"",18770,"",0
"237","201911240WAS",2019-11-24,"6:00p","Sacramento Kings",113,"Washington Wizards",106,"",15885,"",0
"238","201911240DEN",2019-11-24,"8:00p","Phoenix Suns",104,"Denver Nuggets",116,"",19520,"",1
"239","201911240LAC",2019-11-24,"9:00p","New Orleans Pelicans",109,"Los Angeles Clippers",134,"",19068,"",1
"240","201911250CLE",2019-11-25,"7:00p","Brooklyn Nets",108,"Cleveland Cavaliers",106,"",17143,"",0
"241","201911250DET",2019-11-25,"7:00p","Orlando Magic",88,"Detroit Pistons",103,"",14695,"",1
"242","201911250IND",2019-11-25,"7:00p","Memphis Grizzlies",114,"Indiana Pacers",126,"",15141,"",1
"243","201911250ATL",2019-11-25,"7:30p","Minnesota Timberwolves",125,"Atlanta Hawks",113,"",16218,"",0
"244","201911250BOS",2019-11-25,"7:30p","Sacramento Kings",102,"Boston Celtics",103,"",19156,"",1
"245","201911250MIA",2019-11-25,"7:30p","Charlotte Hornets",100,"Miami Heat",117,"",19600,"",1
"246","201911250TOR",2019-11-25,"7:30p","Philadelphia 76ers",96,"Toronto Raptors",101,"",19800,"",1
"247","201911250CHI",2019-11-25,"8:00p","Portland Trail Blazers",117,"Chicago Bulls",94,"",18776,"",0
"248","201911250MIL",2019-11-25,"8:00p","Utah Jazz",118,"Milwaukee Bucks",122,"",17385,"",1
"249","201911250SAS",2019-11-25,"8:30p","Los Angeles Lakers",114,"San Antonio Spurs",104,"",18498,"",0
"250","201911250GSW",2019-11-25,"10:30p","Oklahoma City Thunder",100,"Golden State Warriors",97,"",18064,"",0
"251","201911260DAL",2019-11-26,"8:30p","Los Angeles Clippers",114,"Dallas Mavericks",99,"",20407,"",0
"252","201911260DEN",2019-11-26,"9:00p","Washington Wizards",104,"Denver Nuggets",117,"",18673,"",1
"253","201911270BOS",2019-11-27,"7:00p","Brooklyn Nets",110,"Boston Celtics",121,"",19156,"",1
"254","201911270CHO",2019-11-27,"7:00p","Detroit Pistons",101,"Charlotte Hornets",102,"",15535,"",1
"255","201911270CLE",2019-11-27,"7:00p","Orlando Magic",116,"Cleveland Cavaliers",104,"",17712,"",0
"256","201911270IND",2019-11-27,"7:00p","Utah Jazz",102,"Indiana Pacers",121,"",17027,"",1
"257","201911270PHI",2019-11-27,"7:00p","Sacramento Kings",91,"Philadelphia 76ers",97,"",20592,"",1
"258","201911270TOR",2019-11-27,"7:30p","New York Knicks",98,"Toronto Raptors",126,"",19800,"",1
"259","201911270HOU",2019-11-27,"8:00p","Miami Heat",108,"Houston Rockets",117,"",18055,"",1
"260","201911270MEM",2019-11-27,"8:00p","Los Angeles Clippers",121,"Memphis Grizzlies",119,"",16721,"",0
"261","201911270MIL",2019-11-27,"8:00p","Atlanta Hawks",102,"Milwaukee Bucks",111,"",17525,"",1
"262","201911270SAS",2019-11-27,"8:30p","Minnesota Timberwolves",113,"San Antonio Spurs",101,"",18354,"",0
"263","201911270PHO",2019-11-27,"9:00p","Washington Wizards",140,"Phoenix Suns",132,"",14123,"",0
"264","201911270NOP",2019-11-27,"9:30p","Los Angeles Lakers",114,"New Orleans Pelicans",110,"",18626,"",0
"265","201911270POR",2019-11-27,"10:00p","Oklahoma City Thunder",119,"Portland Trail Blazers",136,"",19870,"",1
"266","201911270GSW",2019-11-27,"10:30p","Chicago Bulls",90,"Golden State Warriors",104,"",18064,"",1
"267","201911290BRK",2019-11-29,"12:00p","Boston Celtics",107,"Brooklyn Nets",112,"",17732,"",1
"268","201911290DET",2019-11-29,"7:00p","Charlotte Hornets",110,"Detroit Pistons",107,"",15006,"",0
"269","201911290ORL",2019-11-29,"7:00p","Toronto Raptors",90,"Orlando Magic",83,"",17014,"",0
"270","201911290CLE",2019-11-29,"7:30p","Milwaukee Bucks",119,"Cleveland Cavaliers",110,"",19432,"",0
"271","201911290NYK",2019-11-29,"7:30p","Philadelphia 76ers",101,"New York Knicks",95,"",18109,"",0
"272","201911290IND",2019-11-29,"8:00p","Atlanta Hawks",104,"Indiana Pacers",105,"OT",15827,"",1
"273","201911290MEM",2019-11-29,"8:00p","Utah Jazz",103,"Memphis Grizzlies",94,"",16605,"",0
"274","201911290MIA",2019-11-29,"8:00p","Golden State Warriors",105,"Miami Heat",122,"",19600,"",1
"275","201911290OKC",2019-11-29,"8:00p","New Orleans Pelicans",104,"Oklahoma City Thunder",109,"",18203,"",1
"276","201911290SAS",2019-11-29,"8:30p","Los Angeles Clippers",97,"San Antonio Spurs",107,"",18354,"",1
"277","201911290PHO",2019-11-29,"9:00p","Dallas Mavericks",120,"Phoenix Suns",113,"",18055,"",0
"278","201911290POR",2019-11-29,"10:00p","Chicago Bulls",103,"Portland Trail Blazers",107,"",20139,"",1
"279","201911290LAL",2019-11-29,"10:30p","Washington Wizards",103,"Los Angeles Lakers",125,"",18997,"",1
"280","201911300SAC",2019-11-30,"5:00p","Denver Nuggets",97,"Sacramento Kings",100,"OT",17583,"",1
"281","201911300PHI",2019-11-30,"7:00p","Indiana Pacers",116,"Philadelphia 76ers",119,"",20517,"",1
"282","201911300HOU",2019-11-30,"8:00p","Atlanta Hawks",111,"Houston Rockets",158,"",18055,"",1
"283","201911300MIL",2019-11-30,"8:00p","Charlotte Hornets",96,"Milwaukee Bucks",137,"",17550,"",1
"284","201912010BRK",2019-12-01,"3:00p","Miami Heat",109,"Brooklyn Nets",106,"",17026,"",0
"285","201912010MIN",2019-12-01,"3:30p","Memphis Grizzlies",115,"Minnesota Timberwolves",107,"",12276,"",0
"286","201912010NYK",2019-12-01,"3:30p","Boston Celtics",113,"New York Knicks",104,"",18005,"",0
"287","201912010LAL",2019-12-01,"4:00p","Dallas Mavericks",114,"Los Angeles Lakers",100,"",18997,"",0
"288","201912010DET",2019-12-01,"5:00p","San Antonio Spurs",98,"Detroit Pistons",132,"",14270,"",1
"289","201912010NOP",2019-12-01,"5:00p","Oklahoma City Thunder",107,"New Orleans Pelicans",104,"",15427,"",0
"290","201912010ORL",2019-12-01,"6:00p","Golden State Warriors",96,"Orlando Magic",100,"",15052,"",1
"291","201912010TOR",2019-12-01,"6:00p","Utah Jazz",110,"Toronto Raptors",130,"",18132,"",1
"292","201912010LAC",2019-12-01,"10:30p","Washington Wizards",125,"Los Angeles Clippers",150,"",19068,"",1
"293","201912020CHO",2019-12-02,"7:00p","Phoenix Suns",109,"Charlotte Hornets",104,"",11221,"",0
"294","201912020PHI",2019-12-02,"7:00p","Utah Jazz",94,"Philadelphia 76ers",103,"",20208,"",1
"295","201912020ATL",2019-12-02,"7:30p","Golden State Warriors",79,"Atlanta Hawks",104,"",14278,"",1
"296","201912020MEM",2019-12-02,"8:00p","Indiana Pacers",117,"Memphis Grizzlies",104,"",11919,"",0
"297","201912020MIL",2019-12-02,"8:00p","New York Knicks",88,"Milwaukee Bucks",132,"",17385,"",1
"298","201912020SAC",2019-12-02,"10:00p","Chicago Bulls",113,"Sacramento Kings",106,"",17257,"",0
"299","201912030CLE",2019-12-03,"7:00p","Detroit Pistons",127,"Cleveland Cavaliers",94,"",17504,"",0
"300","201912030WAS",2019-12-03,"7:00p","Orlando Magic",127,"Washington Wizards",120,"",13159,"",0
"301","201912030NOP",2019-12-03,"7:30p","Dallas Mavericks",118,"New Orleans Pelicans",97,"",14664,"",0
"302","201912030TOR",2019-12-03,"7:30p","Miami Heat",121,"Toronto Raptors",110,"OT",19800,"",0
"303","201912030SAS",2019-12-03,"8:30p","Houston Rockets",133,"San Antonio Spurs",135,"2OT",18354,"",1
"304","201912030DEN",2019-12-03,"9:00p","Los Angeles Lakers",105,"Denver Nuggets",96,"",19658,"",0
"305","201912030LAC",2019-12-03,"10:00p","Portland Trail Blazers",97,"Los Angeles Clippers",117,"",19068,"",1
"306","201912040CHO",2019-12-04,"7:00p","Golden State Warriors",91,"Charlotte Hornets",106,"",14355,"",1
"307","201912040DET",2019-12-04,"7:00p","Milwaukee Bucks",127,"Detroit Pistons",103,"",15742,"",0
"308","201912040ORL",2019-12-04,"7:00p","Phoenix Suns",114,"Orlando Magic",128,"",15176,"",1
"309","201912040ATL",2019-12-04,"7:30p","Brooklyn Nets",130,"Atlanta Hawks",118,"",15694,"",0
"310","201912040BOS",2019-12-04,"7:30p","Miami Heat",93,"Boston Celtics",112,"",19156,"",1
"311","201912040CHI",2019-12-04,"8:00p","Memphis Grizzlies",99,"Chicago Bulls",106,"",15017,"",1
"312","201912040OKC",2019-12-04,"8:00p","Indiana Pacers",107,"Oklahoma City Thunder",100,"",18203,"",0
"313","201912040DAL",2019-12-04,"8:30p","Minnesota Timberwolves",114,"Dallas Mavericks",121,"",19671,"",1
"314","201912040UTA",2019-12-04,"9:00p","Los Angeles Lakers",121,"Utah Jazz",96,"",18306,"",0
"315","201912040POR",2019-12-04,"10:00p","Sacramento Kings",116,"Portland Trail Blazers",127,"",19393,"",1
"316","201912050WAS",2019-12-05,"7:00p","Philadelphia 76ers",113,"Washington Wizards",119,"",16554,"",1
"317","201912050NYK",2019-12-05,"7:30p","Denver Nuggets",129,"New York Knicks",92,"",18171,"",0
"318","201912050TOR",2019-12-05,"7:30p","Houston Rockets",119,"Toronto Raptors",109,"",19800,"",0
"319","201912050NOP",2019-12-05,"8:00p","Phoenix Suns",139,"New Orleans Pelicans",132,"OT",15607,"",0
"320","201912060CHO",2019-12-06,"7:00p","Brooklyn Nets",111,"Charlotte Hornets",104,"",15075,"",0
"321","201912060CLE",2019-12-06,"7:00p","Orlando Magic",93,"Cleveland Cavaliers",87,"",18446,"",0
"322","201912060DET",2019-12-06,"7:00p","Indiana Pacers",101,"Detroit Pistons",108,"",14894,"",1
"323","201912060BOS",2019-12-06,"8:00p","Denver Nuggets",95,"Boston Celtics",108,"",19156,"",1
"324","201912060CHI",2019-12-06,"8:00p","Golden State Warriors",100,"Chicago Bulls",98,"",18841,"",0
"325","201912060MIA",2019-12-06,"8:00p","Washington Wizards",103,"Miami Heat",112,"",19600,"",1
"326","201912060OKC",2019-12-06,"8:00p","Minnesota Timberwolves",127,"Oklahoma City Thunder",139,"OT",18203,"",1
"327","201912060MIL",2019-12-06,"8:30p","Los Angeles Clippers",91,"Milwaukee Bucks",119,"",17732,"",1
"328","201912060SAS",2019-12-06,"8:30p","Sacramento Kings",104,"San Antonio Spurs",105,"OT",18354,"",1
"329","201912060POR",2019-12-06,"10:30p","Los Angeles Lakers",136,"Portland Trail Blazers",113,"",19912,"",0
"330","201912070DAL",2019-12-07,"2:00p","New Orleans Pelicans",84,"Dallas Mavericks",130,"",19456,"",1
"331","201912070NYK",2019-12-07,"7:30p","Indiana Pacers",104,"New York Knicks",103,"",19110,"",0
"332","201912070PHI",2019-12-07,"7:30p","Cleveland Cavaliers",94,"Philadelphia 76ers",141,"",20844,"",1
"333","201912070HOU",2019-12-07,"8:00p","Phoenix Suns",109,"Houston Rockets",115,"",18055,"",1
"334","201912070UTA",2019-12-07,"10:00p","Memphis Grizzlies",112,"Utah Jazz",126,"",18306,"",1
"335","201912080BRK",2019-12-08,"3:00p","Denver Nuggets",102,"Brooklyn Nets",105,"",16679,"",1
"336","201912080CHO",2019-12-08,"5:00p","Atlanta Hawks",122,"Charlotte Hornets",107,"",15489,"",0
"337","201912080MIA",2019-12-08,"6:00p","Chicago Bulls",105,"Miami Heat",110,"OT",19600,"",1
"338","201912080PHI",2019-12-08,"6:00p","Toronto Raptors",104,"Philadelphia 76ers",110,"",20313,"",1
"339","201912080WAS",2019-12-08,"6:00p","Los Angeles Clippers",135,"Washington Wizards",119,"",15946,"",0
"340","201912080DAL",2019-12-08,"7:00p","Sacramento Kings",110,"Dallas Mavericks",106,"",19566,"",0
"341","201912080POR",2019-12-08,"9:00p","Oklahoma City Thunder",108,"Portland Trail Blazers",96,"",19393,"",0
"342","201912080LAL",2019-12-08,"9:30p","Minnesota Timberwolves",125,"Los Angeles Lakers",142,"",18997,"",1
"343","201912090IND",2019-12-09,"7:00p","Los Angeles Clippers",110,"Indiana Pacers",99,"",14644,"",0
"344","201912090BOS",2019-12-09,"7:30p","Cleveland Cavaliers",88,"Boston Celtics",110,"",19156,"",1
"345","201912090CHI",2019-12-09,"8:00p","Toronto Raptors",93,"Chicago Bulls",92,"",14775,"",0
"346","201912090HOU",2019-12-09,"8:00p","Sacramento Kings",119,"Houston Rockets",118,"",18055,"",0
"347","201912090MIL",2019-12-09,"8:00p","Orlando Magic",101,"Milwaukee Bucks",110,"",17385,"",1
"348","201912090NOP",2019-12-09,"8:00p","Detroit Pistons",105,"New Orleans Pelicans",103,"",13694,"",0
"349","201912090PHO",2019-12-09,"9:00p","Minnesota Timberwolves",109,"Phoenix Suns",125,"",13230,"",1
"350","201912090UTA",2019-12-09,"9:00p","Oklahoma City Thunder",104,"Utah Jazz",90,"",18306,"",0
"351","201912090GSW",2019-12-09,"10:30p","Memphis Grizzlies",110,"Golden State Warriors",102,"",18064,"",0
"352","201912100CHO",2019-12-10,"7:00p","Washington Wizards",107,"Charlotte Hornets",114,"",10626,"",1
"353","201912100MIA",2019-12-10,"8:00p","Atlanta Hawks",121,"Miami Heat",135,"OT",19600,"",1
"354","201912100PHI",2019-12-10,"8:00p","Denver Nuggets",92,"Philadelphia 76ers",97,"",20591,"",1
"355","201912100POR",2019-12-10,"10:00p","New York Knicks",87,"Portland Trail Blazers",115,"",19393,"",1
"356","201912110CLE",2019-12-11,"7:00p","Houston Rockets",116,"Cleveland Cavaliers",110,"",17122,"",0
"357","201912110IND",2019-12-11,"7:00p","Boston Celtics",117,"Indiana Pacers",122,"",15637,"",1
"358","201912110ORL",2019-12-11,"7:00p","Los Angeles Lakers",96,"Orlando Magic",87,"",18846,"",0
"359","201912110TOR",2019-12-11,"7:00p","Los Angeles Clippers",112,"Toronto Raptors",92,"",20144,"",0
"360","201912110BRK",2019-12-11,"7:30p","Charlotte Hornets",113,"Brooklyn Nets",108,"",15631,"",0
"361","201912110CHI",2019-12-11,"8:00p","Atlanta Hawks",102,"Chicago Bulls",136,"",15084,"",1
"362","201912110MIN",2019-12-11,"8:00p","Utah Jazz",127,"Minnesota Timberwolves",116,"",12369,"",0
"363","201912110PHO",2019-12-11,"9:00p","Memphis Grizzlies",115,"Phoenix Suns",108,"",12254,"",0
"364","201912110MIL",2019-12-11,"9:30p","New Orleans Pelicans",112,"Milwaukee Bucks",127,"",17385,"",1
"365","201912110SAC",2019-12-11,"10:00p","Oklahoma City Thunder",93,"Sacramento Kings",94,"",16723,"",1
"366","201912110GSW",2019-12-11,"10:30p","New York Knicks",124,"Golden State Warriors",122,"OT",18064,"",0
"367","201912120BOS",2019-12-12,"8:00p","Philadelphia 76ers",115,"Boston Celtics",109,"",19156,"",0
"368","201912120SAS",2019-12-12,"8:30p","Cleveland Cavaliers",117,"San Antonio Spurs",109,"OT",18354,"",0
"369","201912120DET",2019-12-12,"9:00p","Dallas Mavericks",122,"Detroit Pistons",111,"",20064,"at Mexico City, Mexico",0
"370","201912120DEN",2019-12-12,"10:30p","Portland Trail Blazers",99,"Denver Nuggets",114,"",18828,"",1
"371","201912130MIA",2019-12-13,"7:00p","Los Angeles Lakers",113,"Miami Heat",110,"",20013,"",0
"372","201912130ORL",2019-12-13,"7:00p","Houston Rockets",130,"Orlando Magic",107,"",16335,"",0
"373","201912130PHI",2019-12-13,"7:00p","New Orleans Pelicans",109,"Philadelphia 76ers",116,"",20620,"",1
"374","201912130ATL",2019-12-13,"7:30p","Indiana Pacers",110,"Atlanta Hawks",100,"",15121,"",0
"375","201912130CHI",2019-12-13,"8:00p","Charlotte Hornets",83,"Chicago Bulls",73,"",18377,"",0
"376","201912130MEM",2019-12-13,"8:00p","Milwaukee Bucks",127,"Memphis Grizzlies",114,"",16109,"",0
"377","201912130UTA",2019-12-13,"9:00p","Golden State Warriors",106,"Utah Jazz",114,"",18306,"",1
"378","201912130MIN",2019-12-13,"9:30p","Los Angeles Clippers",124,"Minnesota Timberwolves",117,"",17585,"",0
"379","201912130SAC",2019-12-13,"10:00p","New York Knicks",103,"Sacramento Kings",101,"",17583,"",0
"380","201912140PHO",2019-12-14,"5:00p","San Antonio Spurs",121,"Phoenix Suns",119,"OT",20013,"at Mexico City, Mexico",0
"381","201912140TOR",2019-12-14,"7:30p","Brooklyn Nets",102,"Toronto Raptors",110,"",19800,"",1
"382","201912140CHI",2019-12-14,"8:00p","Los Angeles Clippers",106,"Chicago Bulls",109,"",18426,"",1
"383","201912140MEM",2019-12-14,"8:00p","Washington Wizards",111,"Memphis Grizzlies",128,"",15631,"",1
"384","201912140DAL",2019-12-14,"8:30p","Miami Heat",122,"Dallas Mavericks",118,"OT",20333,"",0
"385","201912140MIL",2019-12-14,"8:30p","Cleveland Cavaliers",108,"Milwaukee Bucks",125,"",17481,"",1
"386","201912140DEN",2019-12-14,"9:00p","Oklahoma City Thunder",102,"Denver Nuggets",110,"",19520,"",1
"387","201912140HOU",2019-12-14,"9:00p","Detroit Pistons",115,"Houston Rockets",107,"",18055,"",0
"388","201912150NOP",2019-12-15,"3:30p","Orlando Magic",130,"New Orleans Pelicans",119,"",15388,"",0
"389","201912150IND",2019-12-15,"5:00p","Charlotte Hornets",85,"Indiana Pacers",107,"",16061,"",1
"390","201912150ATL",2019-12-15,"6:00p","Los Angeles Lakers",101,"Atlanta Hawks",96,"",16962,"",0
"391","201912150BRK",2019-12-15,"6:00p","Philadelphia 76ers",89,"Brooklyn Nets",109,"",17732,"",1
"392","201912150DEN",2019-12-15,"8:00p","New York Knicks",105,"Denver Nuggets",111,"",18867,"",1
"393","201912150GSW",2019-12-15,"8:30p","Sacramento Kings",100,"Golden State Warriors",79,"",18064,"",0
"394","201912160DET",2019-12-16,"7:00p","Washington Wizards",133,"Detroit Pistons",119,"",14632,"",0
"395","201912160TOR",2019-12-16,"7:30p","Cleveland Cavaliers",113,"Toronto Raptors",133,"",19800,"",1
"396","201912160HOU",2019-12-16,"8:00p","San Antonio Spurs",107,"Houston Rockets",109,"",18055,"",1
"397","201912160MEM",2019-12-16,"8:00p","Miami Heat",111,"Memphis Grizzlies",118,"",14021,"",1
"398","201912160MIL",2019-12-16,"8:00p","Dallas Mavericks",120,"Milwaukee Bucks",116,"",17727,"",0
"399","201912160OKC",2019-12-16,"8:00p","Chicago Bulls",106,"Oklahoma City Thunder",109,"",18203,"",1
"400","201912160PHO",2019-12-16,"9:00p","Portland Trail Blazers",111,"Phoenix Suns",110,"",14193,"",0
"401","201912170CHO",2019-12-17,"7:00p","Sacramento Kings",102,"Charlotte Hornets",110,"",13229,"",1
"402","201912170IND",2019-12-17,"7:00p","Los Angeles Lakers",102,"Indiana Pacers",105,"",17923,"",1
"403","201912170NYK",2019-12-17,"7:30p","Atlanta Hawks",120,"New York Knicks",143,"",18268,"",1
"404","201912170NOP",2019-12-17,"8:00p","Brooklyn Nets",108,"New Orleans Pelicans",101,"OT",15177,"",0
"405","201912170UTA",2019-12-17,"9:00p","Orlando Magic",102,"Utah Jazz",109,"",18306,"",1
"406","201912170LAC",2019-12-17,"10:30p","Phoenix Suns",99,"Los Angeles Clippers",120,"",19068,"",1
"407","201912180CLE",2019-12-18,"7:00p","Charlotte Hornets",98,"Cleveland Cavaliers",100,"",17023,"",1
"408","201912180DET",2019-12-18,"7:00p","Toronto Raptors",112,"Detroit Pistons",99,"",15319,"",0
"409","201912180PHI",2019-12-18,"7:00p","Miami Heat",108,"Philadelphia 76ers",104,"",20715,"",0
"410","201912180WAS",2019-12-18,"7:00p","Chicago Bulls",110,"Washington Wizards",109,"OT",14987,"",0
"411","201912180MIN",2019-12-18,"8:00p","New Orleans Pelicans",107,"Minnesota Timberwolves",99,"",12490,"",0
"412","201912180OKC",2019-12-18,"8:00p","Memphis Grizzlies",122,"Oklahoma City Thunder",126,"",18203,"",1
"413","201912180DEN",2019-12-18,"9:00p","Orlando Magic",104,"Denver Nuggets",113,"",18182,"",1
"414","201912180DAL",2019-12-18,"9:30p","Boston Celtics",109,"Dallas Mavericks",103,"",20181,"",0
"415","201912180POR",2019-12-18,"10:00p","Golden State Warriors",112,"Portland Trail Blazers",122,"",19393,"",1
"416","201912190ATL",2019-12-19,"7:30p","Utah Jazz",111,"Atlanta Hawks",106,"",16739,"",0
"417","201912190MIL",2019-12-19,"8:00p","Los Angeles Lakers",104,"Milwaukee Bucks",111,"",18051,"",1
"418","201912190SAS",2019-12-19,"8:30p","Brooklyn Nets",105,"San Antonio Spurs",118,"",18354,"",1
"419","201912190LAC",2019-12-19,"10:30p","Houston Rockets",122,"Los Angeles Clippers",117,"",19068,"",0
"420","201912200CLE",2019-12-20,"7:00p","Memphis Grizzlies",107,"Cleveland Cavaliers",114,"",19432,"",1
"421","201912200IND",2019-12-20,"7:00p","Sacramento Kings",105,"Indiana Pacers",119,"",14649,"",1
"422","201912200BOS",2019-12-20,"7:30p","Detroit Pistons",93,"Boston Celtics",114,"",19156,"",1
"423","201912200TOR",2019-12-20,"7:30p","Washington Wizards",118,"Toronto Raptors",122,"",19800,"",1
"424","201912200MIA",2019-12-20,"8:00p","New York Knicks",114,"Miami Heat",129,"",19704,"",1
"425","201912200OKC",2019-12-20,"8:00p","Phoenix Suns",108,"Oklahoma City Thunder",126,"",18203,"",1
"426","201912200PHI",2019-12-20,"8:00p","Dallas Mavericks",117,"Philadelphia 76ers",98,"",20778,"",0
"427","201912200DEN",2019-12-20,"9:00p","Minnesota Timberwolves",100,"Denver Nuggets",109,"",19520,"",1
"428","201912200POR",2019-12-20,"10:00p","Orlando Magic",103,"Portland Trail Blazers",118,"",19393,"",1
"429","201912200GSW",2019-12-20,"10:30p","New Orleans Pelicans",102,"Golden State Warriors",106,"",18064,"",1
"430","201912210CHO",2019-12-21,"5:00p","Utah Jazz",114,"Charlotte Hornets",107,"",16187,"",0
"431","201912210BRK",2019-12-21,"6:00p","Atlanta Hawks",112,"Brooklyn Nets",122,"",16496,"",1
"432","201912210DET",2019-12-21,"7:00p","Chicago Bulls",119,"Detroit Pistons",107,"",15948,"",0
"433","201912210PHI",2019-12-21,"7:00p","Washington Wizards",108,"Philadelphia 76ers",125,"",20529,"",1
"434","201912210NYK",2019-12-21,"7:30p","Milwaukee Bucks",123,"New York Knicks",102,"",18124,"",0
"435","201912210MEM",2019-12-21,"8:00p","Sacramento Kings",115,"Memphis Grizzlies",119,"",15603,"",1
"436","201912210SAS",2019-12-21,"8:30p","Los Angeles Clippers",134,"San Antonio Spurs",109,"",18354,"",0
"437","201912210PHO",2019-12-21,"9:00p","Houston Rockets",139,"Phoenix Suns",125,"",16061,"",0
"438","201912210POR",2019-12-21,"10:00p","Minnesota Timberwolves",106,"Portland Trail Blazers",113,"",19393,"",1
"439","201912220TOR",2019-12-22,"3:30p","Dallas Mavericks",107,"Toronto Raptors",110,"",19800,"",1
"440","201912220BOS",2019-12-22,"6:00p","Charlotte Hornets",93,"Boston Celtics",119,"",19156,"",1
"441","201912220MIL",2019-12-22,"7:00p","Indiana Pacers",89,"Milwaukee Bucks",117,"",18029,"",1
"442","201912220OKC",2019-12-22,"7:00p","Los Angeles Clippers",112,"Oklahoma City Thunder",118,"",18203,"",1
"443","201912220LAL",2019-12-22,"9:30p","Denver Nuggets",128,"Los Angeles Lakers",104,"",18997,"",0
"444","201912230CLE",2019-12-23,"7:00p","Atlanta Hawks",118,"Cleveland Cavaliers",121,"",18007,"",1
"445","201912230DET",2019-12-23,"7:00p","Philadelphia 76ers",125,"Detroit Pistons",109,"",16476,"",0
"446","201912230IND",2019-12-23,"7:00p","Toronto Raptors",115,"Indiana Pacers",120,"OT",17164,"",1
"447","201912230NYK",2019-12-23,"7:00p","Washington Wizards",121,"New York Knicks",115,"",19413,"",0
"448","201912230ORL",2019-12-23,"7:00p","Chicago Bulls",95,"Orlando Magic",103,"",18846,"",1
"449","201912230MIA",2019-12-23,"7:30p","Utah Jazz",104,"Miami Heat",107,"",19890,"",1
"450","201912230MEM",2019-12-23,"8:00p","San Antonio Spurs",145,"Memphis Grizzlies",115,"",16776,"",0
"451","201912230PHO",2019-12-23,"9:00p","Denver Nuggets",113,"Phoenix Suns",111,"",16041,"",0
"452","201912230POR",2019-12-23,"10:00p","New Orleans Pelicans",102,"Portland Trail Blazers",94,"",19499,"",0
"453","201912230SAC",2019-12-23,"10:00p","Houston Rockets",113,"Sacramento Kings",104,"",17583,"",0
"454","201912230GSW",2019-12-23,"10:30p","Minnesota Timberwolves",104,"Golden State Warriors",113,"",18064,"",1
"455","201912250TOR",2019-12-25,"12:00p","Boston Celtics",118,"Toronto Raptors",102,"",19800,"",0
"456","201912250PHI",2019-12-25,"2:30p","Milwaukee Bucks",109,"Philadelphia 76ers",121,"",21028,"",1
"457","201912250GSW",2019-12-25,"5:00p","Houston Rockets",104,"Golden State Warriors",116,"",18064,"",1
"458","201912250LAL",2019-12-25,"8:00p","Los Angeles Clippers",111,"Los Angeles Lakers",106,"",18997,"",0
"459","201912250DEN",2019-12-25,"10:30p","New Orleans Pelicans",112,"Denver Nuggets",100,"",19520,"",0
"460","201912260DET",2019-12-26,"7:00p","Washington Wizards",102,"Detroit Pistons",132,"",17188,"",1
"461","201912260BRK",2019-12-26,"7:30p","New York Knicks",94,"Brooklyn Nets",82,"",17732,"",0
"462","201912260DAL",2019-12-26,"8:00p","San Antonio Spurs",98,"Dallas Mavericks",102,"",20427,"",1
"463","201912260OKC",2019-12-26,"8:00p","Memphis Grizzlies",110,"Oklahoma City Thunder",97,"",18203,"",0
"464","201912260SAC",2019-12-26,"10:00p","Minnesota Timberwolves",105,"Sacramento Kings",104,"2OT",17583,"",0
"465","201912260UTA",2019-12-26,"10:30p","Portland Trail Blazers",115,"Utah Jazz",121,"",18306,"",1
"466","201912270BOS",2019-12-27,"4:00p","Cleveland Cavaliers",117,"Boston Celtics",129,"",19156,"",1
"467","201912270CHO",2019-12-27,"7:00p","Oklahoma City Thunder",104,"Charlotte Hornets",102,"OT",18418,"",0
"468","201912270ORL",2019-12-27,"7:00p","Philadelphia 76ers",97,"Orlando Magic",98,"",17311,"",1
"469","201912270ATL",2019-12-27,"7:30p","Milwaukee Bucks",112,"Atlanta Hawks",86,"",17358,"",0
"470","201912270MIA",2019-12-27,"8:00p","Indiana Pacers",112,"Miami Heat",113,"",19767,"",1
"471","201912270GSW",2019-12-27,"10:30p","Phoenix Suns",96,"Golden State Warriors",105,"",18064,"",1
"472","201912280DEN",2019-12-28,"5:00p","Memphis Grizzlies",110,"Denver Nuggets",119,"",19697,"",1
"473","201912280BOS",2019-12-28,"7:00p","Toronto Raptors",113,"Boston Celtics",97,"",19156,"",0
"474","201912280NOP",2019-12-28,"7:00p","Indiana Pacers",98,"New Orleans Pelicans",120,"",15391,"",1
"475","201912280CHI",2019-12-28,"8:00p","Atlanta Hawks",81,"Chicago Bulls",116,"",21496,"",1
"476","201912280HOU",2019-12-28,"8:00p","Brooklyn Nets",98,"Houston Rockets",108,"",18306,"",1
"477","201912280MIA",2019-12-28,"8:00p","Philadelphia 76ers",116,"Miami Heat",117,"OT",19865,"",1
"478","201912280MIN",2019-12-28,"8:00p","Cleveland Cavaliers",94,"Minnesota Timberwolves",88,"",15411,"",0
"479","201912280WAS",2019-12-28,"8:00p","New York Knicks",107,"Washington Wizards",100,"",19033,"",0
"480","201912280GSW",2019-12-28,"8:30p","Dallas Mavericks",141,"Golden State Warriors",121,"",18064,"",0
"481","201912280MIL",2019-12-28,"8:30p","Orlando Magic",100,"Milwaukee Bucks",111,"",17920,"",1
"482","201912280SAS",2019-12-28,"8:30p","Detroit Pistons",109,"San Antonio Spurs",136,"",18524,"",1
"483","201912280SAC",2019-12-28,"9:00p","Phoenix Suns",112,"Sacramento Kings",110,"",17583,"",0
"484","201912280POR",2019-12-28,"10:00p","Los Angeles Lakers",128,"Portland Trail Blazers",120,"",19960,"",0
"485","201912280LAC",2019-12-28,"10:30p","Utah Jazz",120,"Los Angeles Clippers",107,"",19068,"",0
"486","201912290TOR",2019-12-29,"6:00p","Oklahoma City Thunder",98,"Toronto Raptors",97,"",19800,"",0
"487","201912290DEN",2019-12-29,"8:00p","Sacramento Kings",115,"Denver Nuggets",120,"",19520,"",1
"488","201912290MEM",2019-12-29,"8:00p","Charlotte Hornets",104,"Memphis Grizzlies",117,"",16842,"",1
"489","201912290NOP",2019-12-29,"8:00p","Houston Rockets",112,"New Orleans Pelicans",127,"",17712,"",1
"490","201912290LAL",2019-12-29,"9:30p","Dallas Mavericks",95,"Los Angeles Lakers",108,"",18997,"",1
"491","201912300ORL",2019-12-30,"7:00p","Atlanta Hawks",101,"Orlando Magic",93,"",17784,"",0
"492","201912300WAS",2019-12-30,"7:00p","Miami Heat",105,"Washington Wizards",123,"",20476,"",1
"493","201912300CHI",2019-12-30,"8:00p","Milwaukee Bucks",123,"Chicago Bulls",102,"",21954,"",0
"494","201912300MIN",2019-12-30,"8:00p","Brooklyn Nets",115,"Minnesota Timberwolves",122,"OT",15824,"",1
"495","201912300UTA",2019-12-30,"9:00p","Detroit Pistons",81,"Utah Jazz",104,"",18306,"",1
"496","201912300POR",2019-12-30,"10:00p","Phoenix Suns",122,"Portland Trail Blazers",116,"",19896,"",0
"497","201912310CHO",2019-12-31,"3:00p","Boston Celtics",109,"Charlotte Hornets",92,"",19216,"",0
"498","201912310IND",2019-12-31,"3:00p","Philadelphia 76ers",97,"Indiana Pacers",115,"",17923,"",1
"499","201912310SAC",2019-12-31,"5:00p","Los Angeles Clippers",105,"Sacramento Kings",87,"",16231,"",0
"500","201912310HOU",2019-12-31,"7:00p","Denver Nuggets",104,"Houston Rockets",130,"",18055,"",1
"501","201912310SAS",2019-12-31,"7:00p","Golden State Warriors",113,"San Antonio Spurs",117,"OT",18354,"",1
"502","201912310TOR",2019-12-31,"7:00p","Cleveland Cavaliers",97,"Toronto Raptors",117,"",19800,"",1
"503","201912310OKC",2019-12-31,"8:00p","Dallas Mavericks",101,"Oklahoma City Thunder",106,"",18203,"",1
"504","202001010WAS",2020-01-01,"6:00p","Orlando Magic",122,"Washington Wizards",101,"",14921,"",0
"505","202001010NYK",2020-01-01,"7:30p","Portland Trail Blazers",93,"New York Knicks",117,"",19812,"",1
"506","202001010MIL",2020-01-01,"8:00p","Minnesota Timberwolves",104,"Milwaukee Bucks",106,"",17819,"",1
"507","202001010LAL",2020-01-01,"10:30p","Phoenix Suns",107,"Los Angeles Lakers",117,"",18997,"",1
"508","202001020CLE",2020-01-02,"7:00p","Charlotte Hornets",109,"Cleveland Cavaliers",106,"",17859,"",0
"509","202001020IND",2020-01-02,"7:00p","Denver Nuggets",124,"Indiana Pacers",116,"",16688,"",0
"510","202001020MIA",2020-01-02,"7:30p","Toronto Raptors",76,"Miami Heat",84,"",19939,"",1
"511","202001020CHI",2020-01-02,"8:00p","Utah Jazz",102,"Chicago Bulls",98,"",19398,"",0
"512","202001020MIN",2020-01-02,"8:00p","Golden State Warriors",84,"Minnesota Timberwolves",99,"",15477,"",1
"513","202001020DAL",2020-01-02,"8:30p","Brooklyn Nets",111,"Dallas Mavericks",123,"",20289,"",1
"514","202001020SAS",2020-01-02,"8:30p","Oklahoma City Thunder",109,"San Antonio Spurs",103,"",18354,"",0
"515","202001020SAC",2020-01-02,"10:00p","Memphis Grizzlies",123,"Sacramento Kings",128,"",17351,"",1
"516","202001020LAC",2020-01-02,"10:30p","Detroit Pistons",112,"Los Angeles Clippers",126,"",19068,"",1
"517","202001030BOS",2020-01-03,"7:00p","Atlanta Hawks",106,"Boston Celtics",109,"",19156,"",1
"518","202001030ORL",2020-01-03,"7:00p","Miami Heat",85,"Orlando Magic",105,"",17198,"",1
"519","202001030WAS",2020-01-03,"7:00p","Portland Trail Blazers",122,"Washington Wizards",103,"",17945,"",0
"520","202001030HOU",2020-01-03,"8:00p","Philadelphia 76ers",108,"Houston Rockets",118,"",18055,"",1
"521","202001030PHO",2020-01-03,"9:00p","New York Knicks",112,"Phoenix Suns",120,"",18055,"",1
"522","202001030LAL",2020-01-03,"10:30p","New Orleans Pelicans",113,"Los Angeles Lakers",123,"",18997,"",1
"523","202001040LAC",2020-01-04,"3:30p","Memphis Grizzlies",140,"Los Angeles Clippers",114,"",19068,"",0
"524","202001040BRK",2020-01-04,"6:00p","Toronto Raptors",121,"Brooklyn Nets",102,"",17732,"",0
"525","202001040ORL",2020-01-04,"7:00p","Utah Jazz",109,"Orlando Magic",96,"",16913,"",0
"526","202001040ATL",2020-01-04,"7:30p","Indiana Pacers",111,"Atlanta Hawks",116,"",16420,"",1
"527","202001040CLE",2020-01-04,"7:30p","Oklahoma City Thunder",121,"Cleveland Cavaliers",106,"",19432,"",0
"528","202001040CHI",2020-01-04,"8:00p","Boston Celtics",111,"Chicago Bulls",104,"",21130,"",0
"529","202001040WAS",2020-01-04,"8:00p","Denver Nuggets",114,"Washington Wizards",128,"",16233,"",1
"530","202001040DAL",2020-01-04,"8:30p","Charlotte Hornets",123,"Dallas Mavericks",120,"OT",20327,"",0
"531","202001040GSW",2020-01-04,"8:30p","Detroit Pistons",111,"Golden State Warriors",104,"",18064,"",0
"532","202001040MIL",2020-01-04,"8:30p","San Antonio Spurs",118,"Milwaukee Bucks",127,"",18002,"",1
"533","202001040SAC",2020-01-04,"10:00p","New Orleans Pelicans",117,"Sacramento Kings",115,"",16808,"",0
"534","202001050LAC",2020-01-05,"3:30p","New York Knicks",132,"Los Angeles Clippers",135,"",19068,"",1
"535","202001050MIA",2020-01-05,"6:00p","Portland Trail Blazers",111,"Miami Heat",122,"",19846,"",1
"536","202001050CLE",2020-01-05,"7:30p","Minnesota Timberwolves",118,"Cleveland Cavaliers",103,"",16159,"",0
"537","202001050PHO",2020-01-05,"8:00p","Memphis Grizzlies",121,"Phoenix Suns",114,"",14181,"",0
"538","202001050LAL",2020-01-05,"10:00p","Detroit Pistons",99,"Los Angeles Lakers",106,"",18997,"",1
"539","202001060CHO",2020-01-06,"7:00p","Indiana Pacers",115,"Charlotte Hornets",104,"",13009,"",0
"540","202001060ORL",2020-01-06,"7:00p","Brooklyn Nets",89,"Orlando Magic",101,"",15008,"",1
"541","202001060PHI",2020-01-06,"7:00p","Oklahoma City Thunder",113,"Philadelphia 76ers",120,"",20561,"",1
"542","202001060WAS",2020-01-06,"7:00p","Boston Celtics",94,"Washington Wizards",99,"",17963,"",1
"543","202001060ATL",2020-01-06,"7:30p","Denver Nuggets",123,"Atlanta Hawks",115,"",15286,"",0
"544","202001060NOP",2020-01-06,"8:00p","Utah Jazz",128,"New Orleans Pelicans",126,"",14138,"",0
"545","202001060DAL",2020-01-06,"8:30p","Chicago Bulls",110,"Dallas Mavericks",118,"",20238,"",1
"546","202001060SAS",2020-01-06,"8:30p","Milwaukee Bucks",104,"San Antonio Spurs",126,"",18354,"",1
"547","202001060SAC",2020-01-06,"10:00p","Golden State Warriors",98,"Sacramento Kings",111,"",15819,"",1
"548","202001070CLE",2020-01-07,"7:00p","Detroit Pistons",115,"Cleveland Cavaliers",113,"",17274,"",0
"549","202001070TOR",2020-01-07,"7:00p","Portland Trail Blazers",101,"Toronto Raptors",99,"",19800,"",0
"550","202001070BRK",2020-01-07,"7:30p","Oklahoma City Thunder",111,"Brooklyn Nets",103,"OT",15677,"",0
"551","202001070MEM",2020-01-07,"8:00p","Minnesota Timberwolves",112,"Memphis Grizzlies",119,"",14117,"",1
"552","202001070PHO",2020-01-07,"9:00p","Sacramento Kings",114,"Phoenix Suns",103,"",14134,"",0
"553","202001070LAL",2020-01-07,"10:30p","New York Knicks",87,"Los Angeles Lakers",117,"",18997,"",1
"554","202001080BOS",2020-01-08,"7:00p","San Antonio Spurs",129,"Boston Celtics",114,"",19156,"",0
"555","202001080CHO",2020-01-08,"7:00p","Toronto Raptors",112,"Charlotte Hornets",110,"OT",13965,"",0
"556","202001080IND",2020-01-08,"7:00p","Miami Heat",122,"Indiana Pacers",108,"",17040,"",0
"557","202001080ORL",2020-01-08,"7:00p","Washington Wizards",89,"Orlando Magic",123,"",16013,"",1
"558","202001080ATL",2020-01-08,"7:30p","Houston Rockets",122,"Atlanta Hawks",115,"",16514,"",0
"559","202001080DAL",2020-01-08,"7:30p","Denver Nuggets",107,"Dallas Mavericks",106,"",20314,"",0
"560","202001080NOP",2020-01-08,"8:00p","Chicago Bulls",108,"New Orleans Pelicans",123,"",15324,"",1
"561","202001080UTA",2020-01-08,"9:00p","New York Knicks",104,"Utah Jazz",128,"",18306,"",1
"562","202001080GSW",2020-01-08,"10:00p","Milwaukee Bucks",107,"Golden State Warriors",98,"",18064,"",0
"563","202001090DET",2020-01-09,"7:00p","Cleveland Cavaliers",115,"Detroit Pistons",112,"OT",13445,"",0
"564","202001090PHI",2020-01-09,"7:00p","Boston Celtics",98,"Philadelphia 76ers",109,"",20822,"",1
"565","202001090MIN",2020-01-09,"8:00p","Portland Trail Blazers",102,"Minnesota Timberwolves",116,"",13720,"",1
"566","202001090OKC",2020-01-09,"9:30p","Houston Rockets",92,"Oklahoma City Thunder",113,"",18203,"",1
"567","202001100WAS",2020-01-10,"7:00p","Atlanta Hawks",101,"Washington Wizards",111,"",16360,"",1
"568","202001100NYK",2020-01-10,"7:15p","New Orleans Pelicans",123,"New York Knicks",111,"",18003,"",0
"569","202001100BRK",2020-01-10,"7:30p","Miami Heat",113,"Brooklyn Nets",117,"",16011,"",1
"570","202001100CHI",2020-01-10,"8:00p","Indiana Pacers",116,"Chicago Bulls",105,"",20229,"",0
"571","202001100MEM",2020-01-10,"8:00p","San Antonio Spurs",121,"Memphis Grizzlies",134,"",16448,"",1
"572","202001100PHO",2020-01-10,"9:00p","Orlando Magic",94,"Phoenix Suns",98,"",14562,"",1
"573","202001100UTA",2020-01-10,"9:00p","Charlotte Hornets",92,"Utah Jazz",109,"",18306,"",1
"574","202001100DAL",2020-01-10,"9:45p","Los Angeles Lakers",129,"Dallas Mavericks",114,"",20542,"",0
"575","202001100SAC",2020-01-10,"10:00p","Milwaukee Bucks",127,"Sacramento Kings",106,"",17583,"",0
"576","202001100LAC",2020-01-10,"10:30p","Golden State Warriors",100,"Los Angeles Clippers",109,"",19068,"",1
"577","202001110HOU",2020-01-11,"5:00p","Minnesota Timberwolves",109,"Houston Rockets",139,"",18055,"",1
"578","202001110BOS",2020-01-11,"7:00p","New Orleans Pelicans",105,"Boston Celtics",140,"",19156,"",1
"579","202001110DET",2020-01-11,"7:00p","Chicago Bulls",108,"Detroit Pistons",99,"",15951,"",0
"580","202001110OKC",2020-01-11,"8:00p","Los Angeles Lakers",125,"Oklahoma City Thunder",110,"",18203,"",0
"581","202001110DAL",2020-01-11,"8:30p","Philadelphia 76ers",91,"Dallas Mavericks",109,"",20244,"",1
"582","202001110DEN",2020-01-11,"9:00p","Cleveland Cavaliers",111,"Denver Nuggets",103,"",19533,"",0
"583","202001110POR",2020-01-11,"10:00p","Milwaukee Bucks",122,"Portland Trail Blazers",101,"",19843,"",0
"584","202001120NYK",2020-01-12,"3:30p","Miami Heat",121,"New York Knicks",124,"",18861,"",1
"585","202001120WAS",2020-01-12,"3:30p","Utah Jazz",127,"Washington Wizards",116,"",15953,"",0
"586","202001120BRK",2020-01-12,"6:00p","Atlanta Hawks",86,"Brooklyn Nets",108,"",15201,"",1
"587","202001120MEM",2020-01-12,"6:00p","Golden State Warriors",102,"Memphis Grizzlies",122,"",16408,"",1
"588","202001120TOR",2020-01-12,"6:00p","San Antonio Spurs",105,"Toronto Raptors",104,"",19800,"",0
"589","202001120DEN",2020-01-12,"8:00p","Los Angeles Clippers",104,"Denver Nuggets",114,"",19520,"",1
"590","202001120PHO",2020-01-12,"8:00p","Charlotte Hornets",92,"Phoenix Suns",100,"",14751,"",1
"591","202001130DET",2020-01-13,"7:00p","New Orleans Pelicans",117,"Detroit Pistons",110,"OT",13780,"",0
"592","202001130IND",2020-01-13,"7:00p","Philadelphia 76ers",95,"Indiana Pacers",101,"",15257,"",1
"593","202001130BOS",2020-01-13,"7:30p","Chicago Bulls",101,"Boston Celtics",113,"",19156,"",1
"594","202001130MIN",2020-01-13,"8:00p","Oklahoma City Thunder",117,"Minnesota Timberwolves",104,"",11044,"",0
"595","202001130POR",2020-01-13,"10:00p","Charlotte Hornets",112,"Portland Trail Blazers",115,"",19111,"",1
"596","202001130SAC",2020-01-13,"10:00p","Orlando Magic",114,"Sacramento Kings",112,"",16299,"",0
"597","202001130LAL",2020-01-13,"10:30p","Cleveland Cavaliers",99,"Los Angeles Lakers",128,"",18997,"",1
"598","202001140ATL",2020-01-14,"7:30p","Phoenix Suns",110,"Atlanta Hawks",123,"",16060,"",1
"599","202001140BRK",2020-01-14,"7:30p","Utah Jazz",118,"Brooklyn Nets",107,"",15381,"",0
"600","202001140MEM",2020-01-14,"8:00p","Houston Rockets",110,"Memphis Grizzlies",121,"",16181,"",1
"601","202001140MIL",2020-01-14,"8:00p","New York Knicks",102,"Milwaukee Bucks",128,"",17590,"",1
"602","202001140GSW",2020-01-14,"10:30p","Dallas Mavericks",124,"Golden State Warriors",97,"",18064,"",0
"603","202001140LAC",2020-01-14,"10:30p","Cleveland Cavaliers",103,"Los Angeles Clippers",128,"",19068,"",1
"604","202001150BOS",2020-01-15,"7:00p","Detroit Pistons",116,"Boston Celtics",103,"",19156,"",0
"605","202001150PHI",2020-01-15,"7:00p","Brooklyn Nets",106,"Philadelphia 76ers",117,"",20416,"",1
"606","202001150MIA",2020-01-15,"7:30p","San Antonio Spurs",100,"Miami Heat",106,"",19704,"",1
"607","202001150CHI",2020-01-15,"8:00p","Washington Wizards",106,"Chicago Bulls",115,"",19382,"",1
"608","202001150MIN",2020-01-15,"8:00p","Indiana Pacers",104,"Minnesota Timberwolves",99,"",12648,"",0
"609","202001150OKC",2020-01-15,"8:00p","Toronto Raptors",130,"Oklahoma City Thunder",121,"",18203,"",0
"610","202001150DEN",2020-01-15,"9:00p","Charlotte Hornets",86,"Denver Nuggets",100,"",19520,"",1
"611","202001150HOU",2020-01-15,"9:30p","Portland Trail Blazers",117,"Houston Rockets",107,"",18055,"",0
"612","202001150SAC",2020-01-15,"10:00p","Dallas Mavericks",127,"Sacramento Kings",123,"",17029,"",0
"613","202001150LAL",2020-01-15,"10:30p","Orlando Magic",119,"Los Angeles Lakers",118,"",18997,"",0
"614","202001160NYK",2020-01-16,"7:30p","Phoenix Suns",121,"New York Knicks",98,"",18215,"",0
"615","202001160MIL",2020-01-16,"8:00p","Boston Celtics",123,"Milwaukee Bucks",128,"",17873,"",1
"616","202001160NOP",2020-01-16,"8:00p","Utah Jazz",132,"New Orleans Pelicans",138,"OT",16717,"",1
"617","202001160GSW",2020-01-16,"10:30p","Denver Nuggets",134,"Golden State Warriors",131,"OT",18064,"",0
"618","202001160LAC",2020-01-16,"10:30p","Orlando Magic",95,"Los Angeles Clippers",122,"",19068,"",1
"619","202001170IND",2020-01-17,"7:00p","Minnesota Timberwolves",114,"Indiana Pacers",116,"",16248,"",1
"620","202001170PHI",2020-01-17,"7:00p","Chicago Bulls",89,"Philadelphia 76ers",100,"",20919,"",1
"621","202001170TOR",2020-01-17,"7:00p","Washington Wizards",111,"Toronto Raptors",140,"",19800,"",1
"622","202001170MEM",2020-01-17,"8:00p","Cleveland Cavaliers",109,"Memphis Grizzlies",113,"",17102,"",1
"623","202001170OKC",2020-01-17,"8:00p","Miami Heat",115,"Oklahoma City Thunder",108,"",18203,"",0
"624","202001170SAS",2020-01-17,"8:30p","Atlanta Hawks",121,"San Antonio Spurs",120,"",18354,"",0
"625","202001170DAL",2020-01-17,"9:30p","Portland Trail Blazers",112,"Dallas Mavericks",120,"",20283,"",1
"626","202001180NOP",2020-01-18,"3:30p","Los Angeles Clippers",133,"New Orleans Pelicans",130,"",17959,"",0
"627","202001180BRK",2020-01-18,"6:00p","Milwaukee Bucks",117,"Brooklyn Nets",97,"",17732,"",0
"628","202001180BOS",2020-01-18,"7:00p","Phoenix Suns",123,"Boston Celtics",119,"",19156,"",0
"629","202001180ATL",2020-01-18,"7:30p","Detroit Pistons",136,"Atlanta Hawks",103,"",17056,"",0
"630","202001180NYK",2020-01-18,"7:30p","Philadelphia 76ers",90,"New York Knicks",87,"",17812,"",0
"631","202001180CHI",2020-01-18,"8:00p","Cleveland Cavaliers",116,"Chicago Bulls",118,"",19939,"",1
"632","202001180MIN",2020-01-18,"8:00p","Toronto Raptors",122,"Minnesota Timberwolves",112,"",16520,"",0
"633","202001180GSW",2020-01-18,"8:30p","Orlando Magic",95,"Golden State Warriors",109,"",18064,"",1
"634","202001180HOU",2020-01-18,"8:30p","Los Angeles Lakers",124,"Houston Rockets",115,"",18502,"",0
"635","202001180OKC",2020-01-18,"9:00p","Portland Trail Blazers",106,"Oklahoma City Thunder",119,"",18203,"",1
"636","202001180UTA",2020-01-18,"9:00p","Sacramento Kings",101,"Utah Jazz",123,"",18306,"",1
"637","202001190SAS",2020-01-19,"3:00p","Miami Heat",102,"San Antonio Spurs",107,"",18422,"",1
"638","202001190DEN",2020-01-19,"8:00p","Indiana Pacers",115,"Denver Nuggets",107,"",19520,"",0
"639","202001200WAS",2020-01-20,"2:00p","Detroit Pistons",100,"Washington Wizards",106,"",17305,"",1
"640","202001200ATL",2020-01-20,"2:30p","Toronto Raptors",122,"Atlanta Hawks",117,"",17300,"",0
"641","202001200BRK",2020-01-20,"3:00p","Philadelphia 76ers",117,"Brooklyn Nets",111,"",16801,"",0
"642","202001200CHO",2020-01-20,"5:00p","Orlando Magic",106,"Charlotte Hornets",83,"",16133,"",0
"643","202001200CLE",2020-01-20,"5:00p","New York Knicks",106,"Cleveland Cavaliers",86,"",17133,"",0
"644","202001200HOU",2020-01-20,"5:00p","Oklahoma City Thunder",112,"Houston Rockets",107,"",18055,"",0
"645","202001200MEM",2020-01-20,"5:00p","New Orleans Pelicans",126,"Memphis Grizzlies",116,"",17794,"",0
"646","202001200MIA",2020-01-20,"5:00p","Sacramento Kings",113,"Miami Heat",118,"OT",19600,"",1
"647","202001200MIL",2020-01-20,"5:00p","Chicago Bulls",98,"Milwaukee Bucks",111,"",17747,"",1
"648","202001200BOS",2020-01-20,"7:30p","Los Angeles Lakers",107,"Boston Celtics",139,"",19156,"",1
"649","202001200MIN",2020-01-20,"8:00p","Denver Nuggets",107,"Minnesota Timberwolves",100,"",12172,"",0
"650","202001200PHO",2020-01-20,"9:00p","San Antonio Spurs",120,"Phoenix Suns",118,"",14847,"",0
"651","202001200UTA",2020-01-20,"9:00p","Indiana Pacers",88,"Utah Jazz",118,"",18306,"",1
"652","202001200POR",2020-01-20,"10:00p","Golden State Warriors",124,"Portland Trail Blazers",129,"OT",19493,"",1
"653","202001210DAL",2020-01-21,"8:30p","Los Angeles Clippers",110,"Dallas Mavericks",107,"",19783,"",0
"654","202001220DET",2020-01-22,"7:00p","Sacramento Kings",106,"Detroit Pistons",127,"",13972,"",1
"655","202001220ORL",2020-01-22,"7:00p","Oklahoma City Thunder",120,"Orlando Magic",114,"",18846,"",0
"656","202001220TOR",2020-01-22,"7:00p","Philadelphia 76ers",95,"Toronto Raptors",107,"",19800,"",1
"657","202001220ATL",2020-01-22,"7:30p","Los Angeles Clippers",95,"Atlanta Hawks",102,"",14338,"",1
"658","202001220BOS",2020-01-22,"7:30p","Memphis Grizzlies",95,"Boston Celtics",119,"",19156,"",1
"659","202001220MIA",2020-01-22,"7:30p","Washington Wizards",129,"Miami Heat",134,"OT",19600,"",1
"660","202001220NYK",2020-01-22,"7:30p","Los Angeles Lakers",100,"New York Knicks",92,"",19812,"",0
"661","202001220CHI",2020-01-22,"8:00p","Minnesota Timberwolves",110,"Chicago Bulls",117,"",18875,"",1
"662","202001220HOU",2020-01-22,"8:00p","Denver Nuggets",105,"Houston Rockets",121,"",18055,"",1
"663","202001220PHO",2020-01-22,"9:00p","Indiana Pacers",112,"Phoenix Suns",87,"",14691,"",0
"664","202001220NOP",2020-01-22,"9:30p","San Antonio Spurs",121,"New Orleans Pelicans",117,"",18365,"",0
"665","202001220GSW",2020-01-22,"10:00p","Utah Jazz",129,"Golden State Warriors",96,"",18064,"",0
"666","202001230CLE",2020-01-23,"7:00p","Washington Wizards",124,"Cleveland Cavaliers",112,"",16689,"",0
"667","202001230BRK",2020-01-23,"8:00p","Los Angeles Lakers",128,"Brooklyn Nets",113,"",17732,"",0
"668","202001230POR",2020-01-23,"10:30p","Dallas Mavericks",133,"Portland Trail Blazers",125,"",19574,"",0
"669","202001240CHO",2020-01-24,"3:00p","Milwaukee Bucks",116,"Charlotte Hornets",103,"",15758,"at Paris, France",0
"670","202001240DET",2020-01-24,"7:00p","Memphis Grizzlies",125,"Detroit Pistons",112,"",14583,"",0
"671","202001240ORL",2020-01-24,"7:00p","Boston Celtics",109,"Orlando Magic",98,"",18846,"",0
"672","202001240NYK",2020-01-24,"7:30p","Toronto Raptors",118,"New York Knicks",112,"",18883,"",0
"673","202001240CHI",2020-01-24,"8:00p","Sacramento Kings",98,"Chicago Bulls",81,"",17661,"",0
"674","202001240MIA",2020-01-24,"8:00p","Los Angeles Clippers",122,"Miami Heat",117,"",19632,"",0
"675","202001240MIN",2020-01-24,"8:00p","Houston Rockets",131,"Minnesota Timberwolves",124,"",16101,"",0
"676","202001240NOP",2020-01-24,"8:00p","Denver Nuggets",113,"New Orleans Pelicans",106,"",16398,"",0
"677","202001240OKC",2020-01-24,"8:00p","Atlanta Hawks",111,"Oklahoma City Thunder",140,"",18203,"",1
"678","202001240SAS",2020-01-24,"8:30p","Phoenix Suns",103,"San Antonio Spurs",99,"",18354,"",0
"679","202001240GSW",2020-01-24,"10:30p","Indiana Pacers",129,"Golden State Warriors",118,"",18064,"",0
"680","202001250UTA",2020-01-25,"5:00p","Dallas Mavericks",107,"Utah Jazz",112,"",18306,"",1
"681","202001250DET",2020-01-25,"7:00p","Brooklyn Nets",121,"Detroit Pistons",111,"OT",15890,"",0
"682","202001250CLE",2020-01-25,"8:00p","Chicago Bulls",118,"Cleveland Cavaliers",106,"",19432,"",0
"683","202001250MIN",2020-01-25,"8:00p","Oklahoma City Thunder",113,"Minnesota Timberwolves",104,"",16236,"",0
"684","202001250PHI",2020-01-25,"8:30p","Los Angeles Lakers",91,"Philadelphia 76ers",108,"",21109,"",1
"685","202001260DEN",2020-01-26,"3:30p","Houston Rockets",110,"Denver Nuggets",117,"",19520,"",1
"686","202001260SAS",2020-01-26,"4:00p","Toronto Raptors",110,"San Antonio Spurs",106,"",18354,"",0
"687","202001260ATL",2020-01-26,"6:00p","Washington Wizards",133,"Atlanta Hawks",152,"",15567,"",1
"688","202001260MEM",2020-01-26,"6:00p","Phoenix Suns",109,"Memphis Grizzlies",114,"",17214,"",1
"689","202001260NOP",2020-01-26,"6:00p","Boston Celtics",108,"New Orleans Pelicans",123,"",16737,"",1
"690","202001260NYK",2020-01-26,"6:00p","Brooklyn Nets",97,"New York Knicks",110,"",17831,"",1
"691","202001260ORL",2020-01-26,"6:00p","Los Angeles Clippers",112,"Orlando Magic",97,"",15427,"",0
"692","202001260POR",2020-01-26,"9:00p","Indiana Pacers",129,"Portland Trail Blazers",139,"",19663,"",1
"693","202001270DET",2020-01-27,"7:00p","Cleveland Cavaliers",115,"Detroit Pistons",100,"",12597,"",0
"694","202001270MIA",2020-01-27,"7:30p","Orlando Magic",92,"Miami Heat",113,"",19600,"",1
"695","202001270CHI",2020-01-27,"8:00p","San Antonio Spurs",109,"Chicago Bulls",110,"",16071,"",1
"696","202001270MIN",2020-01-27,"8:00p","Sacramento Kings",133,"Minnesota Timberwolves",129,"OT",13449,"",0
"697","202001270OKC",2020-01-27,"8:00p","Dallas Mavericks",107,"Oklahoma City Thunder",97,"",18203,"",0
"698","202001270UTA",2020-01-27,"9:00p","Houston Rockets",126,"Utah Jazz",117,"",18306,"",0
"699","202001280CHO",2020-01-28,"7:00p","New York Knicks",92,"Charlotte Hornets",97,"",14342,"",1
"700","202001280PHI",2020-01-28,"7:00p","Golden State Warriors",104,"Philadelphia 76ers",115,"",20854,"",1
"701","202001280CLE",2020-01-28,"7:30p","New Orleans Pelicans",125,"Cleveland Cavaliers",111,"",19432,"",0
"702","202001280TOR",2020-01-28,"7:30p","Atlanta Hawks",114,"Toronto Raptors",130,"",19800,"",1
"703","202001280MEM",2020-01-28,"8:00p","Denver Nuggets",96,"Memphis Grizzlies",104,"",14365,"",1
"704","202001280MIA",2020-01-28,"8:00p","Boston Celtics",109,"Miami Heat",101,"",19704,"",0
"705","202001280MIL",2020-01-28,"8:00p","Washington Wizards",131,"Milwaukee Bucks",151,"",17681,"",1
"706","202001280DAL",2020-01-28,"8:30p","Phoenix Suns",133,"Dallas Mavericks",104,"",20216,"",0
"707","202001290IND",2020-01-29,"7:00p","Chicago Bulls",106,"Indiana Pacers",115,"OT",17923,"",1
"708","202001290BRK",2020-01-29,"7:30p","Detroit Pistons",115,"Brooklyn Nets",125,"",14275,"",1
"709","202001290NYK",2020-01-29,"7:30p","Memphis Grizzlies",127,"New York Knicks",106,"",18768,"",0
"710","202001290SAS",2020-01-29,"8:30p","Utah Jazz",120,"San Antonio Spurs",127,"",17887,"",1
"711","202001290POR",2020-01-29,"10:00p","Houston Rockets",112,"Portland Trail Blazers",125,"",19393,"",1
"712","202001290SAC",2020-01-29,"10:00p","Oklahoma City Thunder",120,"Sacramento Kings",100,"",16935,"",0
"713","202001300CLE",2020-01-30,"7:00p","Toronto Raptors",115,"Cleveland Cavaliers",109,"",17695,"",0
"714","202001300WAS",2020-01-30,"7:00p","Charlotte Hornets",107,"Washington Wizards",121,"",15013,"",1
"715","202001300ATL",2020-01-30,"7:30p","Philadelphia 76ers",117,"Atlanta Hawks",127,"",15227,"",1
"716","202001300BOS",2020-01-30,"8:00p","Golden State Warriors",104,"Boston Celtics",119,"",19156,"",1
"717","202001300DEN",2020-01-30,"10:30p","Utah Jazz",100,"Denver Nuggets",106,"",19520,"",1
"718","202001300LAC",2020-01-30,"10:30p","Sacramento Kings",124,"Los Angeles Clippers",103,"",19068,"",0
"719","202001310DET",2020-01-31,"7:00p","Toronto Raptors",105,"Detroit Pistons",92,"",17356,"",0
"720","202001310BRK",2020-01-31,"7:30p","Chicago Bulls",118,"Brooklyn Nets",133,"",17732,"",1
"721","202001310HOU",2020-01-31,"7:30p","Dallas Mavericks",121,"Houston Rockets",128,"",18055,"",1
"722","202001310NOP",2020-01-31,"8:00p","Memphis Grizzlies",111,"New Orleans Pelicans",139,"",18362,"",1
"723","202001310MIL",2020-01-31,"9:00p","Denver Nuggets",127,"Milwaukee Bucks",115,"",18141,"",0
"724","202001310PHO",2020-01-31,"9:00p","Oklahoma City Thunder",111,"Phoenix Suns",107,"",17260,"",0
"725","202001310LAL",2020-01-31,"10:30p","Portland Trail Blazers",127,"Los Angeles Lakers",119,"",18997,"",0
"726","202002010LAC",2020-02-01,"3:30p","Minnesota Timberwolves",106,"Los Angeles Clippers",118,"",19068,"",1
"727","202002010IND",2020-02-01,"7:00p","New York Knicks",92,"Indiana Pacers",85,"",17923,"",0
"728","202002010ORL",2020-02-01,"7:00p","Miami Heat",102,"Orlando Magic",89,"",18846,"",0
"729","202002010CLE",2020-02-01,"8:00p","Golden State Warriors",131,"Cleveland Cavaliers",112,"",18410,"",0
"730","202002010WAS",2020-02-01,"8:00p","Brooklyn Nets",107,"Washington Wizards",113,"",18196,"",1
"731","202002010BOS",2020-02-01,"8:30p","Philadelphia 76ers",95,"Boston Celtics",116,"",19156,"",1
"732","202002010DAL",2020-02-01,"8:30p","Atlanta Hawks",100,"Dallas Mavericks",123,"",20328,"",1
"733","202002010SAS",2020-02-01,"9:00p","Charlotte Hornets",90,"San Antonio Spurs",114,"",18615,"",1
"734","202002010SAC",2020-02-01,"10:00p","Los Angeles Lakers",129,"Sacramento Kings",113,"",17583,"",0
"735","202002010POR",2020-02-01,"10:30p","Utah Jazz",107,"Portland Trail Blazers",124,"",19603,"",1
"736","202002020DET",2020-02-02,"12:30p","Denver Nuggets",123,"Detroit Pistons",128,"OT",15488,"",1
"737","202002020HOU",2020-02-02,"2:00p","New Orleans Pelicans",109,"Houston Rockets",117,"",18055,"",1
"738","202002020MIL",2020-02-02,"2:00p","Phoenix Suns",108,"Milwaukee Bucks",129,"",17754,"",1
"739","202002020TOR",2020-02-02,"3:00p","Chicago Bulls",102,"Toronto Raptors",129,"",19800,"",1
"740","202002030CHO",2020-02-03,"7:00p","Orlando Magic",112,"Charlotte Hornets",100,"",12337,"",0
"741","202002030CLE",2020-02-03,"7:00p","New York Knicks",139,"Cleveland Cavaliers",134,"OT",16303,"",0
"742","202002030IND",2020-02-03,"7:00p","Dallas Mavericks",112,"Indiana Pacers",103,"",15086,"",0
"743","202002030WAS",2020-02-03,"7:00p","Golden State Warriors",125,"Washington Wizards",117,"",17120,"",0
"744","202002030ATL",2020-02-03,"7:30p","Boston Celtics",123,"Atlanta Hawks",115,"",16231,"",0
"745","202002030BRK",2020-02-03,"7:30p","Phoenix Suns",97,"Brooklyn Nets",119,"",14891,"",1
"746","202002030MIA",2020-02-03,"7:30p","Philadelphia 76ers",106,"Miami Heat",137,"",19725,"",1
"747","202002030MEM",2020-02-03,"8:00p","Detroit Pistons",82,"Memphis Grizzlies",96,"",14597,"",1
"748","202002030SAC",2020-02-03,"10:00p","Minnesota Timberwolves",109,"Sacramento Kings",113,"",15819,"",1
"749","202002030LAC",2020-02-03,"10:30p","San Antonio Spurs",105,"Los Angeles Clippers",108,"",19068,"",1
"750","202002040NOP",2020-02-04,"7:30p","Milwaukee Bucks",120,"New Orleans Pelicans",108,"",15424,"",0
"751","202002040HOU",2020-02-04,"8:00p","Charlotte Hornets",110,"Houston Rockets",125,"",18055,"",1
"752","202002040DEN",2020-02-04,"9:00p","Portland Trail Blazers",99,"Denver Nuggets",127,"",19520,"",1
"753","202002040LAL",2020-02-04,"10:00p","San Antonio Spurs",102,"Los Angeles Lakers",129,"",18997,"",1
"754","202002050DET",2020-02-05,"7:00p","Phoenix Suns",108,"Detroit Pistons",116,"",13707,"",1
"755","202002050BOS",2020-02-05,"7:30p","Orlando Magic",100,"Boston Celtics",116,"",19156,"",1
"756","202002050BRK",2020-02-05,"7:30p","Golden State Warriors",88,"Brooklyn Nets",129,"",14352,"",1
"757","202002050TOR",2020-02-05,"7:30p","Indiana Pacers",118,"Toronto Raptors",119,"",19800,"",1
"758","202002050MIN",2020-02-05,"8:00p","Atlanta Hawks",127,"Minnesota Timberwolves",120,"",10779,"",0
"759","202002050OKC",2020-02-05,"8:00p","Cleveland Cavaliers",103,"Oklahoma City Thunder",109,"",18203,"",1
"760","202002050DAL",2020-02-05,"8:30p","Memphis Grizzlies",121,"Dallas Mavericks",107,"",20069,"",0
"761","202002050UTA",2020-02-05,"9:00p","Denver Nuggets",98,"Utah Jazz",95,"",18306,"",0
"762","202002050LAC",2020-02-05,"10:00p","Miami Heat",111,"Los Angeles Clippers",128,"",19068,"",1
"763","202002060NYK",2020-02-06,"7:30p","Orlando Magic",103,"New York Knicks",105,"",18895,"",1
"764","202002060CHI",2020-02-06,"8:00p","New Orleans Pelicans",125,"Chicago Bulls",119,"",18247,"",0
"765","202002060MIL",2020-02-06,"8:00p","Philadelphia 76ers",101,"Milwaukee Bucks",112,"",17928,"",1
"766","202002060POR",2020-02-06,"10:00p","San Antonio Spurs",117,"Portland Trail Blazers",125,"",19653,"",1
"767","202002060LAL",2020-02-06,"10:30p","Houston Rockets",121,"Los Angeles Lakers",111,"",18997,"",0
"768","202002070PHI",2020-02-07,"7:00p","Memphis Grizzlies",107,"Philadelphia 76ers",119,"",20779,"",1
"769","202002070WAS",2020-02-07,"7:00p","Dallas Mavericks",118,"Washington Wizards",119,"",20476,"",1
"770","202002070BOS",2020-02-07,"7:30p","Atlanta Hawks",107,"Boston Celtics",112,"",19156,"",1
"771","202002070IND",2020-02-07,"8:00p","Toronto Raptors",115,"Indiana Pacers",106,"",17028,"",0
"772","202002070OKC",2020-02-07,"8:00p","Detroit Pistons",101,"Oklahoma City Thunder",108,"",18203,"",1
"773","202002070PHO",2020-02-07,"9:00p","Houston Rockets",91,"Phoenix Suns",127,"",17043,"",1
"774","202002070SAC",2020-02-07,"10:00p","Miami Heat",97,"Sacramento Kings",105,"",16760,"",1
"775","202002070UTA",2020-02-07,"10:30p","Portland Trail Blazers",114,"Utah Jazz",117,"",18306,"",1
"776","202002080ORL",2020-02-08,"5:00p","Milwaukee Bucks",111,"Orlando Magic",95,"",16632,"",0
"777","202002080CHO",2020-02-08,"7:00p","Dallas Mavericks",116,"Charlotte Hornets",100,"",19370,"",0
"778","202002080DET",2020-02-08,"7:00p","New York Knicks",95,"Detroit Pistons",92,"",15980,"",0
"779","202002080IND",2020-02-08,"7:30p","New Orleans Pelicans",124,"Indiana Pacers",117,"",17923,"",0
"780","202002080TOR",2020-02-08,"7:30p","Brooklyn Nets",118,"Toronto Raptors",119,"",19800,"",1
"781","202002080MIN",2020-02-08,"8:00p","Los Angeles Clippers",115,"Minnesota Timberwolves",142,"",18978,"",1
"782","202002080GSW",2020-02-08,"8:30p","Los Angeles Lakers",125,"Golden State Warriors",120,"",18064,"",0
"783","202002080PHO",2020-02-08,"9:00p","Denver Nuggets",117,"Phoenix Suns",108,"",16843,"",0
"784","202002080SAC",2020-02-08,"10:00p","San Antonio Spurs",102,"Sacramento Kings",122,"",16756,"",1
"785","202002090OKC",2020-02-09,"3:30p","Boston Celtics",112,"Oklahoma City Thunder",111,"",18203,"",0
"786","202002090ATL",2020-02-09,"6:00p","New York Knicks",135,"Atlanta Hawks",140,"2OT",16309,"",1
"787","202002090PHI",2020-02-09,"6:00p","Chicago Bulls",111,"Philadelphia 76ers",118,"",21018,"",1
"788","202002090WAS",2020-02-09,"6:00p","Memphis Grizzlies",106,"Washington Wizards",99,"",17251,"",0
"789","202002090HOU",2020-02-09,"7:00p","Utah Jazz",114,"Houston Rockets",113,"",18055,"",0
"790","202002090CLE",2020-02-09,"7:30p","Los Angeles Clippers",133,"Cleveland Cavaliers",92,"",17240,"",0
"791","202002090POR",2020-02-09,"9:00p","Miami Heat",109,"Portland Trail Blazers",115,"",19726,"",1
"792","202002100DET",2020-02-10,"7:00p","Charlotte Hornets",87,"Detroit Pistons",76,"",13941,"",0
"793","202002100IND",2020-02-10,"7:00p","Brooklyn Nets",106,"Indiana Pacers",105,"",16761,"",0
"794","202002100ORL",2020-02-10,"7:00p","Atlanta Hawks",126,"Orlando Magic",135,"",17076,"",1
"795","202002100TOR",2020-02-10,"7:30p","Minnesota Timberwolves",126,"Toronto Raptors",137,"",19800,"",1
"796","202002100MIL",2020-02-10,"8:00p","Sacramento Kings",111,"Milwaukee Bucks",123,"",17463,"",1
"797","202002100DAL",2020-02-10,"8:30p","Utah Jazz",123,"Dallas Mavericks",119,"",19793,"",0
"798","202002100DEN",2020-02-10,"9:00p","San Antonio Spurs",120,"Denver Nuggets",127,"",19520,"",1
"799","202002100GSW",2020-02-10,"10:30p","Miami Heat",113,"Golden State Warriors",101,"",18064,"",0
"800","202002100LAL",2020-02-10,"10:30p","Phoenix Suns",100,"Los Angeles Lakers",125,"",18997,"",1
"801","202002110PHI",2020-02-11,"7:00p","Los Angeles Clippers",103,"Philadelphia 76ers",110,"",20730,"",1
"802","202002110WAS",2020-02-11,"7:00p","Chicago Bulls",114,"Washington Wizards",126,"",15135,"",1
"803","202002110NOP",2020-02-11,"8:00p","Portland Trail Blazers",117,"New Orleans Pelicans",138,"",15739,"",1
"804","202002110OKC",2020-02-11,"8:00p","San Antonio Spurs",114,"Oklahoma City Thunder",106,"",18203,"",0
"805","202002110HOU",2020-02-11,"9:30p","Boston Celtics",105,"Houston Rockets",116,"",18055,"",1
"806","202002120CLE",2020-02-12,"7:00p","Atlanta Hawks",105,"Cleveland Cavaliers",127,"",16200,"",1
"807","202002120ORL",2020-02-12,"7:00p","Detroit Pistons",112,"Orlando Magic",116,"OT",16607,"",1
"808","202002120BRK",2020-02-12,"7:30p","Toronto Raptors",91,"Brooklyn Nets",101,"",15823,"",1
"809","202002120IND",2020-02-12,"7:30p","Milwaukee Bucks",111,"Indiana Pacers",118,"",17018,"",1
"810","202002120NYK",2020-02-12,"7:30p","Washington Wizards",114,"New York Knicks",96,"",18835,"",0
"811","202002120MEM",2020-02-12,"8:00p","Portland Trail Blazers",104,"Memphis Grizzlies",111,"",16889,"",1
"812","202002120MIN",2020-02-12,"8:00p","Charlotte Hornets",115,"Minnesota Timberwolves",108,"",18978,"",0
"813","202002120DAL",2020-02-12,"8:30p","Sacramento Kings",111,"Dallas Mavericks",130,"",19842,"",1
"814","202002120PHO",2020-02-12,"9:00p","Golden State Warriors",106,"Phoenix Suns",112,"",15216,"",1
"815","202002120UTA",2020-02-12,"9:00p","Miami Heat",101,"Utah Jazz",116,"",18306,"",1
"816","202002120DEN",2020-02-12,"10:00p","Los Angeles Lakers",120,"Denver Nuggets",116,"OT",19860,"",0
"817","202002130BOS",2020-02-13,"8:00p","Los Angeles Clippers",133,"Boston Celtics",141,"2OT",19156,"",1
"818","202002130NOP",2020-02-13,"8:00p","Oklahoma City Thunder",123,"New Orleans Pelicans",118,"",17865,"",0
"819","202002200DET",2020-02-20,"7:00p","Milwaukee Bucks",126,"Detroit Pistons",106,"",16097,"",0
"820","202002200ATL",2020-02-20,"7:30p","Miami Heat",124,"Atlanta Hawks",129,"",17356,"",1
"821","202002200CHI",2020-02-20,"8:00p","Charlotte Hornets",103,"Chicago Bulls",93,"",17463,"",0
"822","202002200PHI",2020-02-20,"8:00p","Brooklyn Nets",104,"Philadelphia 76ers",112,"OT",20806,"",1
"823","202002200SAC",2020-02-20,"10:00p","Memphis Grizzlies",125,"Sacramento Kings",129,"",17078,"",1
"824","202002200GSW",2020-02-20,"10:30p","Houston Rockets",135,"Golden State Warriors",105,"",18064,"",0
"825","202002210ORL",2020-02-21,"7:00p","Dallas Mavericks",122,"Orlando Magic",106,"",18846,"",0
"826","202002210WAS",2020-02-21,"7:00p","Cleveland Cavaliers",113,"Washington Wizards",108,"",18895,"",0
"827","202002210NYK",2020-02-21,"7:30p","Indiana Pacers",106,"New York Knicks",98,"",19812,"",0
"828","202002210TOR",2020-02-21,"7:30p","Phoenix Suns",101,"Toronto Raptors",118,"",19800,"",1
"829","202002210MIN",2020-02-21,"8:00p","Boston Celtics",127,"Minnesota Timberwolves",117,"",18978,"",0
"830","202002210OKC",2020-02-21,"8:00p","Denver Nuggets",101,"Oklahoma City Thunder",113,"",18203,"",1
"831","202002210UTA",2020-02-21,"9:00p","San Antonio Spurs",113,"Utah Jazz",104,"",18306,"",0
"832","202002210LAL",2020-02-21,"10:30p","Memphis Grizzlies",105,"Los Angeles Lakers",117,"",18997,"",1
"833","202002210POR",2020-02-21,"10:30p","New Orleans Pelicans",128,"Portland Trail Blazers",115,"",19946,"",0
"834","202002220LAC",2020-02-22,"3:30p","Sacramento Kings",112,"Los Angeles Clippers",103,"",19068,"",0
"835","202002220CHO",2020-02-22,"7:00p","Brooklyn Nets",115,"Charlotte Hornets",86,"",19079,"",0
"836","202002220ATL",2020-02-22,"7:30p","Dallas Mavericks",107,"Atlanta Hawks",111,"",17050,"",1
"837","202002220CHI",2020-02-22,"8:00p","Phoenix Suns",112,"Chicago Bulls",104,"",20506,"",0
"838","202002220MIA",2020-02-22,"8:00p","Cleveland Cavaliers",105,"Miami Heat",124,"",19754,"",1
"839","202002220MIL",2020-02-22,"8:30p","Philadelphia 76ers",98,"Milwaukee Bucks",119,"",18290,"",1
"840","202002220UTA",2020-02-22,"9:00p","Houston Rockets",120,"Utah Jazz",110,"",18306,"",0
"841","202002230LAL",2020-02-23,"3:30p","Boston Celtics",112,"Los Angeles Lakers",114,"",18997,"",1
"842","202002230DEN",2020-02-23,"6:00p","Minnesota Timberwolves",116,"Denver Nuggets",128,"",19626,"",1
"843","202002230TOR",2020-02-23,"6:00p","Indiana Pacers",81,"Toronto Raptors",127,"",19800,"",1
"844","202002230CHI",2020-02-23,"7:00p","Washington Wizards",117,"Chicago Bulls",126,"",18024,"",1
"845","202002230OKC",2020-02-23,"7:00p","San Antonio Spurs",103,"Oklahoma City Thunder",131,"",18203,"",1
"846","202002230GSW",2020-02-23,"8:30p","New Orleans Pelicans",115,"Golden State Warriors",101,"",18064,"",0
"847","202002230POR",2020-02-23,"9:00p","Detroit Pistons",104,"Portland Trail Blazers",107,"",19393,"",1
"848","202002240CLE",2020-02-24,"7:00p","Miami Heat",119,"Cleveland Cavaliers",125,"OT",17336,"",1
"849","202002240PHI",2020-02-24,"7:00p","Atlanta Hawks",112,"Philadelphia 76ers",129,"",20836,"",1
"850","202002240WAS",2020-02-24,"7:00p","Milwaukee Bucks",137,"Washington Wizards",134,"OT",16580,"",0
"851","202002240BRK",2020-02-24,"7:30p","Orlando Magic",115,"Brooklyn Nets",113,"",16162,"",0
"852","202002240HOU",2020-02-24,"8:00p","New York Knicks",112,"Houston Rockets",123,"",18055,"",1
"853","202002240DAL",2020-02-24,"8:30p","Minnesota Timberwolves",123,"Dallas Mavericks",139,"",19936,"",1
"854","202002240UTA",2020-02-24,"9:00p","Phoenix Suns",131,"Utah Jazz",111,"",18306,"",0
"855","202002240LAC",2020-02-24,"10:30p","Memphis Grizzlies",97,"Los Angeles Clippers",124,"",19068,"",1
"856","202002250IND",2020-02-25,"7:00p","Charlotte Hornets",80,"Indiana Pacers",119,"",16088,"",1
"857","202002250TOR",2020-02-25,"7:30p","Milwaukee Bucks",108,"Toronto Raptors",97,"",19993,"",0
"858","202002250CHI",2020-02-25,"8:00p","Oklahoma City Thunder",124,"Chicago Bulls",122,"",16911,"",0
"859","202002250DEN",2020-02-25,"9:00p","Detroit Pistons",98,"Denver Nuggets",115,"",19143,"",1
"860","202002250LAL",2020-02-25,"10:00p","New Orleans Pelicans",109,"Los Angeles Lakers",118,"",18997,"",1
"861","202002250POR",2020-02-25,"10:00p","Boston Celtics",118,"Portland Trail Blazers",106,"",19460,"",0
"862","202002250GSW",2020-02-25,"10:30p","Sacramento Kings",112,"Golden State Warriors",94,"",18064,"",0
"863","202002260CHO",2020-02-26,"7:00p","New York Knicks",101,"Charlotte Hornets",107,"",13152,"",1
"864","202002260CLE",2020-02-26,"7:00p","Philadelphia 76ers",94,"Cleveland Cavaliers",108,"",16332,"",1
"865","202002260WAS",2020-02-26,"7:00p","Brooklyn Nets",106,"Washington Wizards",110,"",15021,"",1
"866","202002260ATL",2020-02-26,"7:30p","Orlando Magic",130,"Atlanta Hawks",120,"",14967,"",0
"867","202002260MIA",2020-02-26,"7:30p","Minnesota Timberwolves",129,"Miami Heat",126,"",19600,"",0
"868","202002260HOU",2020-02-26,"8:00p","Memphis Grizzlies",112,"Houston Rockets",140,"",18055,"",1
"869","202002260SAS",2020-02-26,"8:30p","Dallas Mavericks",109,"San Antonio Spurs",103,"",18354,"",0
"870","202002260PHO",2020-02-26,"9:00p","Los Angeles Clippers",102,"Phoenix Suns",92,"",15157,"",0
"871","202002260UTA",2020-02-26,"10:30p","Boston Celtics",114,"Utah Jazz",103,"",18306,"",0
"872","202002270PHI",2020-02-27,"7:00p","New York Knicks",106,"Philadelphia 76ers",115,"",20175,"",1
"873","202002270IND",2020-02-27,"8:00p","Portland Trail Blazers",100,"Indiana Pacers",106,"",16872,"",1
"874","202002270OKC",2020-02-27,"8:00p","Sacramento Kings",108,"Oklahoma City Thunder",112,"",18203,"",1
"875","202002270GSW",2020-02-27,"10:30p","Los Angeles Lakers",116,"Golden State Warriors",86,"",18064,"",0
"876","202002280ORL",2020-02-28,"7:00p","Minnesota Timberwolves",125,"Orlando Magic",136,"",18846,"",1
"877","202002280ATL",2020-02-28,"7:30p","Brooklyn Nets",118,"Atlanta Hawks",141,"",17034,"",1
"878","202002280TOR",2020-02-28,"7:30p","Charlotte Hornets",99,"Toronto Raptors",96,"",19800,"",0
"879","202002280MEM",2020-02-28,"8:00p","Sacramento Kings",104,"Memphis Grizzlies",101,"",17794,"",0
"880","202002280MIA",2020-02-28,"8:00p","Dallas Mavericks",118,"Miami Heat",126,"",19704,"",1
"881","202002280MIL",2020-02-28,"8:00p","Oklahoma City Thunder",86,"Milwaukee Bucks",133,"",18412,"",1
"882","202002280NOP",2020-02-28,"8:00p","Cleveland Cavaliers",104,"New Orleans Pelicans",116,"",18304,"",1
"883","202002280PHO",2020-02-28,"9:00p","Detroit Pistons",113,"Phoenix Suns",111,"",17142,"",0
"884","202002280UTA",2020-02-28,"9:00p","Washington Wizards",119,"Utah Jazz",129,"",18306,"",1
"885","202002280LAC",2020-02-28,"10:30p","Denver Nuggets",103,"Los Angeles Clippers",132,"",19068,"",1
"886","202002290NYK",2020-02-29,"5:00p","Chicago Bulls",115,"New York Knicks",125,"",19812,"",1
"887","202002290ATL",2020-02-29,"7:30p","Portland Trail Blazers",117,"Atlanta Hawks",129,"",17765,"",1
"888","202002290MIA",2020-02-29,"7:30p","Brooklyn Nets",113,"Miami Heat",116,"",19600,"",1
"889","202002290CLE",2020-02-29,"8:00p","Indiana Pacers",113,"Cleveland Cavaliers",104,"",19432,"",0
"890","202002290MEM",2020-02-29,"8:00p","Los Angeles Lakers",88,"Memphis Grizzlies",105,"",17794,"",1
"891","202002290BOS",2020-02-29,"8:30p","Houston Rockets",111,"Boston Celtics",110,"OT",19156,"",0
"892","202002290SAS",2020-02-29,"8:30p","Orlando Magic",113,"San Antonio Spurs",114,"",18354,"",1
"893","202002290PHO",2020-02-29,"9:00p","Golden State Warriors",115,"Phoenix Suns",99,"",16395,"",0
"894","202003010CHO",2020-03-01,"1:00p","Milwaukee Bucks",93,"Charlotte Hornets",85,"",19149,"",0
"895","202003010LAC",2020-03-01,"3:30p","Philadelphia 76ers",130,"Los Angeles Clippers",136,"",19068,"",1
"896","202003010MIN",2020-03-01,"3:30p","Dallas Mavericks",111,"Minnesota Timberwolves",91,"",18058,"",0
"897","202003010DEN",2020-03-01,"6:00p","Toronto Raptors",118,"Denver Nuggets",133,"",19777,"",1
"898","202003010SAC",2020-03-01,"6:00p","Detroit Pistons",100,"Sacramento Kings",106,"",17499,"",1
"899","202003010NOP",2020-03-01,"8:00p","Los Angeles Lakers",122,"New Orleans Pelicans",114,"",18547,"",0
"900","202003010GSW",2020-03-01,"8:30p","Washington Wizards",124,"Golden State Warriors",110,"",18064,"",0
"901","202003020CLE",2020-03-02,"7:00p","Utah Jazz",126,"Cleveland Cavaliers",113,"",15453,"",0
"902","202003020NYK",2020-03-02,"7:00p","Houston Rockets",123,"New York Knicks",125,"",18142,"",1
"903","202003020ORL",2020-03-02,"7:00p","Portland Trail Blazers",130,"Orlando Magic",107,"",18078,"",0
"904","202003020ATL",2020-03-02,"7:30p","Memphis Grizzlies",127,"Atlanta Hawks",88,"",16207,"",0
"905","202003020MIA",2020-03-02,"7:30p","Milwaukee Bucks",89,"Miami Heat",105,"",19600,"",1
"906","202003020CHI",2020-03-02,"8:00p","Dallas Mavericks",107,"Chicago Bulls",109,"",18407,"",1
"907","202003020SAS",2020-03-02,"8:30p","Indiana Pacers",116,"San Antonio Spurs",111,"",17635,"",0
"908","202003030CHO",2020-03-03,"7:00p","San Antonio Spurs",104,"Charlotte Hornets",103,"",12008,"",0
"909","202003030BOS",2020-03-03,"7:30p","Brooklyn Nets",129,"Boston Celtics",120,"OT",19156,"",0
"910","202003030NOP",2020-03-03,"8:00p","Minnesota Timberwolves",139,"New Orleans Pelicans",134,"",15264,"",0
"911","202003030OKC",2020-03-03,"8:00p","Los Angeles Clippers",109,"Oklahoma City Thunder",94,"",18203,"",0
"912","202003030DEN",2020-03-03,"9:00p","Golden State Warriors",116,"Denver Nuggets",100,"",19520,"",0
"913","202003030PHO",2020-03-03,"9:00p","Toronto Raptors",123,"Phoenix Suns",114,"",15553,"",0
"914","202003030LAL",2020-03-03,"10:00p","Philadelphia 76ers",107,"Los Angeles Lakers",120,"",18997,"",1
"915","202003030SAC",2020-03-03,"10:00p","Washington Wizards",126,"Sacramento Kings",133,"",16419,"",1
"916","202003040CLE",2020-03-04,"7:00p","Boston Celtics",112,"Cleveland Cavaliers",106,"",16897,"",0
"917","202003040DET",2020-03-04,"7:00p","Oklahoma City Thunder",114,"Detroit Pistons",107,"",15138,"",0
"918","202003040MIL",2020-03-04,"7:00p","Indiana Pacers",100,"Milwaukee Bucks",119,"",17695,"",1
"919","202003040BRK",2020-03-04,"7:30p","Memphis Grizzlies",118,"Brooklyn Nets",79,"",16941,"",0
"920","202003040NYK",2020-03-04,"7:30p","Utah Jazz",112,"New York Knicks",104,"",16588,"",0
"921","202003040MIA",2020-03-04,"7:30p","Orlando Magic",113,"Miami Heat",116,"",19600,"",1
"922","202003040MIN",2020-03-04,"8:00p","Chicago Bulls",108,"Minnesota Timberwolves",115,"",13392,"",1
"923","202003040DAL",2020-03-04,"9:30p","New Orleans Pelicans",123,"Dallas Mavericks",127,"OT",20459,"",1
"924","202003040POR",2020-03-04,"10:00p","Washington Wizards",104,"Portland Trail Blazers",125,"",19393,"",1
"925","202003050CHO",2020-03-05,"7:00p","Denver Nuggets",114,"Charlotte Hornets",112,"",13311,"",0
"926","202003050HOU",2020-03-05,"8:00p","Los Angeles Clippers",120,"Houston Rockets",105,"",18055,"",0
"927","202003050SAC",2020-03-05,"10:00p","Philadelphia 76ers",125,"Sacramento Kings",108,"",15485,"",0
"928","202003050GSW",2020-03-05,"10:30p","Toronto Raptors",121,"Golden State Warriors",113,"",18064,"",0
"929","202003060WAS",2020-03-06,"7:00p","Atlanta Hawks",112,"Washington Wizards",118,"",17856,"",1
"930","202003060BRK",2020-03-06,"7:30p","San Antonio Spurs",120,"Brooklyn Nets",139,"",16277,"",1
"931","202003060NYK",2020-03-06,"7:30p","Oklahoma City Thunder",126,"New York Knicks",103,"",19499,"",0
"932","202003060CHI",2020-03-06,"8:00p","Indiana Pacers",108,"Chicago Bulls",102,"",20229,"",0
"933","202003060MIN",2020-03-06,"8:00p","Orlando Magic",132,"Minnesota Timberwolves",118,"",14315,"",0
"934","202003060NOP",2020-03-06,"8:00p","Miami Heat",104,"New Orleans Pelicans",110,"",18384,"",1
"935","202003060BOS",2020-03-06,"8:00p","Utah Jazz",99,"Boston Celtics",94,"",19156,"",0
"936","202003060DAL",2020-03-06,"8:30p","Memphis Grizzlies",96,"Dallas Mavericks",121,"",20370,"",1
"937","202003060PHO",2020-03-06,"9:00p","Portland Trail Blazers",117,"Phoenix Suns",127,"",15522,"",1
"938","202003060LAL",2020-03-06,"10:30p","Milwaukee Bucks",103,"Los Angeles Lakers",113,"",18997,"",1
"939","202003070CHO",2020-03-07,"5:00p","Houston Rockets",99,"Charlotte Hornets",108,"",19159,"",1
"940","202003070DET",2020-03-07,"7:00p","Utah Jazz",111,"Detroit Pistons",105,"",16590,"",0
"941","202003070CLE",2020-03-07,"7:30p","Denver Nuggets",102,"Cleveland Cavaliers",104,"",19432,"",1
"942","202003070MEM",2020-03-07,"8:00p","Atlanta Hawks",101,"Memphis Grizzlies",118,"",17117,"",1
"943","202003070GSW",2020-03-07,"8:30p","Philadelphia 76ers",114,"Golden State Warriors",118,"",18064,"",1
"944","202003070POR",2020-03-07,"10:00p","Sacramento Kings",123,"Portland Trail Blazers",111,"",19691,"",0
"945","202003080BRK",2020-03-08,"3:00p","Chicago Bulls",107,"Brooklyn Nets",110,"",15916,"",1
"946","202003080MIN",2020-03-08,"3:30p","New Orleans Pelicans",120,"Minnesota Timberwolves",107,"",18978,"",0
"947","202003080LAC",2020-03-08,"3:30p","Los Angeles Lakers",112,"Los Angeles Clippers",103,"",19068,"",0
"948","202003080BOS",2020-03-08,"6:00p","Oklahoma City Thunder",105,"Boston Celtics",104,"",19156,"",0
"949","202003080PHO",2020-03-08,"6:00p","Milwaukee Bucks",131,"Phoenix Suns",140,"",17282,"",1
"950","202003080WAS",2020-03-08,"7:00p","Miami Heat",100,"Washington Wizards",89,"",18135,"",0
"951","202003080DAL",2020-03-08,"7:00p","Indiana Pacers",112,"Dallas Mavericks",109,"",20324,"",0
"952","202003080HOU",2020-03-08,"7:00p","Orlando Magic",126,"Houston Rockets",106,"",18055,"",0
"953","202003080NYK",2020-03-08,"7:30p","Detroit Pistons",84,"New York Knicks",96,"",18361,"",1
"954","202003080CLE",2020-03-08,"7:30p","San Antonio Spurs",129,"Cleveland Cavaliers",132,"OT",17995,"",1
"955","202003080SAC",2020-03-08,"9:00p","Toronto Raptors",118,"Sacramento Kings",113,"",16449,"",0
"956","202003090ATL",2020-03-09,"7:30p","Charlotte Hornets",138,"Atlanta Hawks",143,"2OT",14399,"",1
"957","202003090DEN",2020-03-09,"9:00p","Milwaukee Bucks",95,"Denver Nuggets",109,"",19838,"",1
"958","202003090UTA",2020-03-09,"9:00p","Toronto Raptors",101,"Utah Jazz",92,"",18306,"",0
"959","202003100WAS",2020-03-10,"7:00p","New York Knicks",115,"Washington Wizards",122,"",15048,"",1
"960","202003100IND",2020-03-10,"7:00p","Boston Celtics",114,"Indiana Pacers",111,"",17053,"",0
"961","202003100HOU",2020-03-10,"8:00p","Minnesota Timberwolves",111,"Houston Rockets",117,"",18055,"",1
"962","202003100SAS",2020-03-10,"8:00p","Dallas Mavericks",109,"San Antonio Spurs",119,"",18354,"",1
"963","202003100MEM",2020-03-10,"8:00p","Orlando Magic",120,"Memphis Grizzlies",115,"",15388,"",0
"964","202003100CHI",2020-03-10,"8:00p","Cleveland Cavaliers",103,"Chicago Bulls",108,"",17837,"",1
"965","202003100POR",2020-03-10,"10:00p","Phoenix Suns",105,"Portland Trail Blazers",121,"",19393,"",1
"966","202003100LAL",2020-03-10,"10:30p","Brooklyn Nets",104,"Los Angeles Lakers",102,"",18997,"",0
"967","202003100GSW",2020-03-10,"10:30p","Los Angeles Clippers",131,"Golden State Warriors",107,"",18064,"",0
"968","202003110PHI",2020-03-11,"7:00p","Detroit Pistons",106,"Philadelphia 76ers",124,"",20172,"",1
"969","202003110ATL",2020-03-11,"7:30p","New York Knicks",136,"Atlanta Hawks",131,"OT",15393,"",0
"970","202003110MIA",2020-03-11,"7:30p","Charlotte Hornets",109,"Miami Heat",98,"",19600,"",0
"971","202003110DAL",2020-03-11,"8:00p","Denver Nuggets",97,"Dallas Mavericks",113,"",20302,"",1
